日期,代码,名称,类型,conf,5根,10根,20根,40根,净收益(扣成本),止损后净收益
2023-10-26,002466,天齐锂业,Spring,30,0.10%,5.13%,-0.06%,-0.53%,-0.86%,-0.86%
2023-10-26,399006,创业板指,Spring,42,3.40%,7.60%,4.56%,-2.31%,3.76%,3.76%
2023-11-01,600104,上汽集团,Spring,37,2.69%,-0.28%,3.65%,-8.40%,2.85%,2.85%
2023-11-27,002594,比亚迪,SC,59,-5.99%,-4.65%,-8.00%,-10.08%,-8.80%,-5.40%
2023-12-01,002466,天齐锂业,Spring,89,10.93%,6.84%,11.31%,1.78%,10.51%,10.51%
2023-12-08,688981,中芯国际,SC,97,2.00%,4.26%,-5.80%,-18.23%,-6.60%,-6.60%
2023-12-11,600809,山西汾酒,SC,78,-3.25%,0.47%,-6.47%,-2.57%,-7.27%,-7.27%
2023-12-11,000858,五 粮 液,SC,58,-3.74%,-3.34%,-8.18%,-4.46%,-8.98%,-8.98%
2023-12-18,000703,恒逸石化,SC,70,0.60%,0.60%,0.75%,6.17%,-0.05%,-0.05%
2023-12-21,600732,爱旭股份,Spring,91,12.60%,5.48%,15.80%,-2.28%,15.00%,15.00%
2023-12-21,399006,创业板指,Spring,52,2.56%,-3.11%,-6.39%,-4.42%,-7.19%,-7.19%
2023-12-21,600809,山西汾酒,Spring,77,5.22%,-2.94%,-7.33%,2.93%,-8.13%,-8.13%
2023-12-22,510300,沪深300ETF华泰柏瑞,SC,70,2.73%,-1.67%,-5.87%,2.29%,-6.67%,-6.67%
2023-12-27,300009,安科生物,Spring,77,3.09%,-2.29%,-9.57%,-1.20%,-10.37%,-10.37%
2024-01-05,600276,恒瑞医药,SC,60,-2.03%,-1.29%,-14.30%,3.93%,-15.10%,-15.10%
2024-01-08,601816,京沪高铁,Spring,97,2.57%,2.57%,7.07%,7.92%,6.27%,6.27%
2024-01-09,002415,海康威视,SC,56,-1.54%,-1.32%,4.49%,9.18%,3.69%,3.69%
2024-01-17,600809,山西汾酒,Spring,97,2.20%,1.89%,19.61%,27.16%,18.81%,18.81%
2024-01-18,600104,上汽集团,SC,81,2.92%,2.54%,11.44%,11.07%,10.64%,10.64%
2024-01-18,510300,沪深300ETF华泰柏瑞,SC,97,2.05%,-1.53%,6.43%,8.29%,5.63%,5.63%
2024-01-18,510300,沪深300ETF华泰柏瑞,Spring,99,2.05%,-1.53%,6.43%,8.29%,5.63%,5.63%
2024-01-18,300009,安科生物,SC,75,-2.26%,-10.13%,3.99%,5.93%,3.19%,3.19%
2024-01-18,688981,中芯国际,SC,86,3.55%,-6.49%,-1.45%,-0.09%,-2.25%,-2.25%
2024-01-18,688981,中芯国际,ST,86,3.55%,-6.49%,-1.45%,-0.09%,-2.25%,-2.25%
2024-01-18,301166,优宁维,SC,56,-3.90%,-16.71%,-11.11%,-9.29%,-11.91%,-11.91%
2024-01-18,000858,五 粮 液,Spring,97,2.51%,-1.09%,10.80%,19.96%,10.00%,10.00%
2024-01-18,000858,五 粮 液,ST,95,2.51%,-1.09%,10.80%,19.96%,10.00%,10.00%
2024-01-18,600104,上汽集团,Spring,75,2.92%,2.54%,11.44%,11.07%,10.64%,10.64%
2024-01-18,002956,西麦食品,SC,58,-6.05%,-18.30%,-15.10%,-12.75%,-15.90%,-5.40%
2024-01-23,000001,上证指数,Spring,99,2.15%,0.67%,6.74%,8.02%,5.94%,5.94%
2024-01-23,000725,京东方Ａ,Spring,77,1.96%,6.70%,8.94%,10.34%,8.14%,8.14%
2024-01-30,300750,宁德时代,Spring,97,12.49%,14.53%,16.26%,40.43%,15.46%,15.46%
2024-01-30,002594,比亚迪,SC,53,2.27%,6.41%,11.44%,21.04%,10.64%,10.64%
2024-02-02,510300,沪深300ETF华泰柏瑞,ST,94,6.30%,8.00%,12.33%,9.69%,11.53%,11.53%
2024-02-02,300333,兆日科技,SC,58,-17.26%,4.76%,3.37%,-2.18%,2.57%,-5.40%
2024-02-02,600276,恒瑞医药,Spring,99,15.88%,17.05%,21.28%,26.43%,20.48%,20.48%
2024-02-02,002415,海康威视,Spring,95,8.75%,10.33%,10.04%,0.32%,9.24%,9.24%
2024-02-05,600732,爱旭股份,Spring,87,11.82%,18.35%,22.01%,11.12%,21.21%,21.21%
2024-02-05,002466,天齐锂业,Spring,89,8.83%,17.90%,27.95%,19.50%,27.15%,27.15%
2024-02-05,399006,创业板指,SC,97,11.75%,14.81%,21.98%,14.05%,21.18%,21.18%
2024-02-05,399006,创业板指,Spring,97,11.75%,14.81%,21.98%,14.05%,21.18%,21.18%
2024-02-05,000703,恒逸石化,Spring,99,13.81%,10.32%,7.78%,9.05%,6.98%,6.98%
2024-02-05,300009,安科生物,Spring,97,20.49%,21.60%,22.35%,19.51%,21.55%,21.55%
2024-02-05,603799,华友钴业,SC,55,13.11%,21.56%,27.87%,36.18%,27.07%,27.07%
2024-02-05,688111,金山办公,Spring,82,15.41%,23.30%,33.58%,35.74%,32.78%,32.78%
2024-02-06,300864,南大环境,SC,78,15.93%,16.41%,29.02%,33.15%,28.22%,28.22%
2024-02-06,002117,东港股份,SC,57,25.84%,25.00%,39.86%,37.16%,39.06%,39.06%
2024-02-06,301098,金埔园林,SC,61,15.41%,15.70%,25.19%,20.89%,24.39%,24.39%
2024-02-07,301098,金埔园林,Shakeout,64,33.50%,33.66%,37.91%,21.73%,37.11%,37.11%
2024-03-04,601816,京沪高铁,LPS,61,1.20%,1.20%,1.60%,5.41%,0.80%,0.80%
2024-03-06,002956,西麦食品,ST,72,6.12%,8.57%,13.02%,21.68%,12.22%,12.22%
2024-03-22,600809,山西汾酒,LPS,58,-0.72%,-0.53%,0.63%,2.14%,-0.17%,-0.17%
2024-03-25,000703,恒逸石化,ST,52,5.12%,6.21%,6.52%,14.91%,5.72%,5.72%
2024-03-25,000725,京东方Ａ,LPS,64,10.43%,8.40%,8.91%,9.16%,8.11%,8.11%
2024-03-28,002466,天齐锂业,Spring,83,5.37%,3.25%,-14.41%,-23.02%,-15.21%,-15.21%
2024-03-28,301166,优宁维,ST,97,-1.67%,-6.84%,-0.93%,-1.96%,-1.73%,-1.73%
2024-04-03,600900,长江电力,Spring,84,4.01%,6.38%,3.56%,14.40%,2.76%,2.76%
2024-04-03,600900,长江电力,Shakeout,78,4.01%,6.38%,3.56%,14.40%,2.76%,2.76%
2024-04-15,000858,五 粮 液,Shakeout,95,-1.87%,3.01%,4.57%,-7.90%,3.77%,3.77%
2024-04-15,002415,海康威视,ST,97,5.32%,6.64%,6.09%,8.46%,5.29%,5.29%
2024-04-16,300864,南大环境,Spring,95,7.18%,18.14%,24.24%,26.94%,23.44%,23.44%
2024-04-16,002117,东港股份,Spring,99,5.60%,12.84%,8.89%,-2.25%,8.09%,8.09%
2024-04-16,002117,东港股份,Shakeout,98,5.60%,12.84%,8.89%,-2.25%,8.09%,8.09%
2024-04-16,300864,南大环境,Shakeout,97,7.18%,18.14%,24.24%,26.94%,23.44%,23.44%
2024-04-16,301166,优宁维,Spring,98,4.88%,14.86%,15.20%,4.00%,14.40%,14.40%
2024-04-16,301098,金埔园林,Spring,82,9.91%,20.71%,32.40%,10.65%,31.60%,31.60%
2024-04-19,600809,山西汾酒,Spring,65,5.61%,12.48%,8.60%,-6.14%,7.80%,7.80%
2024-04-19,600276,恒瑞医药,SC,52,9.43%,11.37%,4.46%,-2.59%,3.66%,3.66%
2024-04-19,600276,恒瑞医药,Spring,99,9.43%,11.37%,4.46%,-2.59%,3.66%,3.66%
2024-04-19,600276,恒瑞医药,ST,96,9.43%,11.37%,4.46%,-2.59%,3.66%,3.66%
2024-04-23,300009,安科生物,SC,97,10.13%,14.01%,5.71%,-5.02%,4.91%,4.91%
2024-04-23,300009,安科生物,Spring,97,10.13%,14.01%,5.71%,-5.02%,4.91%,4.91%
2024-04-25,600732,爱旭股份,Spring,94,5.96%,2.21%,-2.04%,-19.59%,-2.84%,-2.84%
2024-05-27,600276,恒瑞医药,ST,96,-0.47%,0.05%,-7.03%,-2.54%,-7.83%,-7.83%
2024-05-27,688111,金山办公,SC,52,-0.88%,-1.18%,-9.81%,-24.12%,-10.61%,-10.61%
2024-06-06,002117,东港股份,Spring,99,4.78%,4.93%,5.22%,4.03%,4.42%,4.42%
2024-06-06,300333,兆日科技,Spring,99,11.83%,19.15%,54.65%,31.27%,53.85%,53.85%
2024-06-11,002956,西麦食品,Spring,71,-0.78%,-2.19%,-8.63%,-3.94%,-9.43%,-9.43%
2024-06-13,000725,京东方Ａ,Spring,83,0.98%,1.23%,8.00%,-6.29%,7.20%,7.20%
2024-06-14,300750,宁德时代,SC,69,0.15%,-2.63%,-2.75%,-8.05%,-3.55%,-3.55%
2024-06-14,600276,恒瑞医药,SC,52,-4.44%,-8.21%,-1.02%,1.74%,-1.82%,-1.82%
2024-06-21,510300,沪深300ETF华泰柏瑞,SC,69,-0.82%,-1.65%,2.39%,-3.01%,1.59%,1.59%
2024-06-26,000001,上证指数,Spring,87,0.33%,-1.12%,-2.37%,-3.90%,-3.17%,-3.17%
2024-07-02,600276,恒瑞医药,Spring,97,4.06%,9.83%,7.28%,16.93%,6.48%,6.48%
2024-07-05,300864,南大环境,LPS,41,5.62%,0.25%,-1.65%,-1.25%,-2.46%,-2.46%
2024-07-05,000688,科创50,Spring,94,2.79%,7.24%,3.84%,-0.67%,3.04%,3.04%
2024-07-05,002956,西麦食品,SC,59,-1.46%,-3.40%,2.34%,-11.87%,1.54%,1.54%
2024-07-09,600104,上汽集团,Spring,84,7.56%,8.81%,5.56%,-6.88%,4.76%,4.76%
2024-07-09,600104,上汽集团,ST,92,7.56%,8.81%,5.56%,-6.88%,4.76%,4.76%
2024-07-09,510300,沪深300ETF华泰柏瑞,Spring,83,2.30%,0.86%,-1.81%,-3.66%,-2.61%,-2.61%
2024-07-09,300009,安科生物,ST,52,0.00%,-1.07%,3.21%,-6.55%,2.41%,2.41%
2024-07-09,600809,山西汾酒,SC,65,1.78%,-2.38%,-2.53%,-10.62%,-3.33%,-3.33%
2024-07-09,002117,东港股份,Spring,94,3.38%,1.17%,2.20%,-6.75%,1.40%,1.40%
2024-07-09,301166,优宁维,Spring,93,-0.34%,-0.38%,4.42%,2.32%,3.62%,3.62%
2024-07-24,000725,京东方Ａ,Spring,71,3.68%,-1.32%,0.79%,-0.53%,-0.01%,-0.01%
2024-07-25,002956,西麦食品,Spring,78,10.23%,13.98%,4.33%,-11.06%,3.53%,3.53%
2024-07-30,600809,山西汾酒,Spring,90,2.35%,4.49%,-2.78%,0.08%,-3.58%,-3.58%
2024-07-30,600809,山西汾酒,ST,90,2.35%,4.49%,-2.78%,0.08%,-3.58%,-3.58%
2024-07-30,600276,恒瑞医药,ST,94,7.27%,6.68%,9.00%,16.15%,8.20%,8.20%
2024-07-30,002415,海康威视,SC,57,-3.28%,-5.30%,-8.82%,-1.57%,-9.62%,-9.62%
2024-07-31,000703,恒逸石化,Shakeout,98,-0.93%,-5.26%,-6.66%,-0.93%,-7.46%,-7.46%
2024-08-06,688981,中芯国际,LPS,54,4.08%,3.13%,-2.14%,58.71%,-2.94%,-2.94%
2024-08-08,002594,比亚迪,Spring,94,2.23%,6.21%,11.66%,35.57%,10.86%,10.86%
2024-08-12,300750,宁德时代,Spring,94,3.91%,8.83%,9.56%,38.37%,8.76%,8.76%
2024-08-12,300750,宁德时代,ST,94,3.91%,8.83%,9.56%,38.37%,8.76%,8.76%
2024-08-21,002466,天齐锂业,SC,63,-5.56%,-2.42%,-6.98%,37.60%,-7.78%,-5.40%
2024-08-23,300347,泰格医药,Spring,58,6.85%,2.35%,7.94%,44.76%,7.14%,7.14%
2024-08-26,000703,恒逸石化,SC,97,-0.67%,-4.17%,-2.50%,6.84%,-3.30%,-3.30%
2024-08-26,000703,恒逸石化,Spring,99,-0.67%,-4.17%,-2.50%,6.84%,-3.30%,-3.30%
2024-08-27,601012,隆基绿能,Spring,74,2.12%,-0.76%,10.05%,49.21%,9.25%,9.25%
2024-08-28,600732,爱旭股份,Spring,30,6.27%,3.53%,22.35%,62.35%,21.55%,21.55%
2024-08-28,510300,沪深300ETF华泰柏瑞,SC,60,-1.01%,-3.07%,15.25%,18.53%,14.45%,14.45%
2024-08-28,600809,山西汾酒,SC,81,1.20%,-3.44%,20.16%,26.06%,19.36%,19.36%
2024-08-28,000568,泸州老窖,Spring,99,-0.22%,-6.21%,20.50%,20.89%,19.70%,19.70%
2024-08-28,000858,五 粮 液,Spring,99,4.48%,1.76%,29.60%,29.75%,28.80%,28.80%
2024-08-28,000852,中证1000,Spring,78,1.79%,0.35%,14.90%,32.65%,14.10%,14.10%
2024-08-29,399006,创业板指,Spring,94,1.51%,0.68%,41.11%,41.82%,40.31%,40.31%
2024-08-29,399006,创业板指,ST,94,1.51%,0.68%,41.11%,41.82%,40.31%,40.31%
2024-08-29,300760,迈瑞医疗,Spring,64,9.50%,3.46%,30.59%,20.82%,29.79%,29.79%
2024-08-29,002956,西麦食品,SC,61,1.43%,-4.30%,19.09%,18.64%,18.29%,18.29%
2024-08-30,600104,上汽集团,SC,79,-2.23%,-8.04%,18.71%,5.65%,17.91%,17.91%
2024-08-30,605599,菜百股份,SC,85,-5.77%,-9.40%,11.36%,1.02%,10.56%,-5.40%
2024-09-02,601816,京沪高铁,SC,70,0.56%,-0.75%,6.37%,4.87%,5.57%,5.57%
2024-09-02,000703,恒逸石化,SC,78,-3.53%,-8.24%,12.94%,9.24%,12.14%,12.14%
2024-09-03,688111,金山办公,Spring,64,2.76%,7.06%,53.47%,62.62%,52.67%,52.67%
2024-09-06,603019,中科曙光,Spring,67,3.32%,11.39%,49.16%,144.46%,48.35%,48.35%
2024-09-09,002648,卫星化学,Spring,81,-0.26%,7.22%,20.00%,22.98%,19.20%,19.20%
2024-09-09,601899,紫金矿业,SC,56,6.29%,19.58%,23.32%,13.07%,22.52%,22.52%
2024-09-09,601899,紫金矿业,Spring,99,6.29%,19.58%,23.32%,13.07%,22.52%,22.52%
2024-09-10,002466,天齐锂业,Spring,83,2.01%,16.69%,27.48%,60.29%,26.68%,26.68%
2024-09-10,603259,药明康德,Spring,82,9.09%,16.04%,29.20%,45.88%,28.40%,28.40%
2024-09-11,600036,招商银行,Spring,81,2.86%,18.45%,29.82%,25.73%,29.02%,29.02%
2024-09-11,601166,兴业银行,Spring,59,2.85%,16.08%,24.05%,14.24%,23.25%,23.25%
2024-09-11,600028,中国石化,Spring,97,3.66%,8.21%,6.75%,2.69%,5.95%,5.95%
2024-09-11,601816,京沪高铁,Spring,91,2.11%,7.47%,9.00%,8.43%,8.20%,8.20%
2024-09-12,000001,平安银行,Spring,80,3.08%,25.36%,23.86%,23.23%,23.06%,23.06%
2024-09-12,600900,长江电力,Spring,94,1.22%,7.86%,0.36%,-1.58%,-0.44%,-0.44%
2024-09-13,688981,中芯国际,Spring,99,5.59%,69.79%,126.51%,123.82%,125.71%,125.71%
2024-09-13,600104,上汽集团,Spring,79,5.89%,29.09%,13.59%,43.03%,12.79%,12.79%
2024-09-18,000001,上证指数,Spring,84,6.59%,19.93%,21.55%,23.95%,20.75%,20.75%
2024-09-18,510300,沪深300ETF华泰柏瑞,Spring,80,7.29%,24.21%,25.23%,25.63%,24.43%,24.43%
2024-09-18,002117,东港股份,Spring,79,6.91%,20.07%,19.41%,38.81%,18.61%,18.61%
2024-09-18,300009,安科生物,Spring,81,5.28%,27.74%,23.65%,24.17%,22.85%,22.85%
2024-09-18,300864,南大环境,Spring,83,3.81%,23.44%,26.09%,23.60%,25.29%,25.29%
2024-09-18,002415,海康威视,Spring,81,7.08%,25.35%,22.96%,23.76%,22.16%,22.16%
2024-09-18,600862,中航高科,SC,97,3.74%,23.85%,36.54%,44.59%,35.74%,35.74%
2024-09-18,600862,中航高科,Spring,97,3.74%,23.85%,36.54%,44.59%,35.74%,35.74%
2024-09-18,000725,京东方Ａ,Spring,82,7.16%,19.83%,19.56%,21.49%,18.76%,18.76%
2024-09-18,000703,恒逸石化,Spring,94,6.96%,23.08%,17.22%,17.95%,16.42%,16.42%
2024-09-18,000703,恒逸石化,ST,94,6.96%,23.08%,17.22%,17.95%,16.42%,16.42%
2024-09-18,300009,安科生物,ST,81,5.28%,27.74%,23.65%,24.17%,22.85%,22.85%
2024-09-18,002415,海康威视,ST,98,7.08%,25.35%,22.96%,23.76%,22.16%,22.16%
2024-09-18,002956,西麦食品,Spring,89,9.15%,22.78%,22.30%,31.06%,21.50%,21.50%
2024-09-18,002956,西麦食品,ST,89,9.15%,22.78%,22.30%,31.06%,21.50%,21.50%
2024-09-18,301098,金埔园林,Spring,87,7.71%,17.86%,24.43%,30.00%,23.63%,23.63%
2024-09-19,600809,山西汾酒,Spring,76,18.13%,36.70%,25.87%,36.14%,25.07%,25.07%
2024-09-19,600436,片仔癀,Spring,97,14.29%,26.83%,20.56%,25.08%,19.76%,19.76%
2024-09-19,600519,贵州茅台,SC,97,21.25%,30.06%,23.09%,22.53%,22.29%,22.29%
2024-09-19,600519,贵州茅台,Spring,97,21.25%,30.06%,23.09%,22.53%,22.29%,22.29%
2024-09-19,600887,伊利股份,Spring,97,15.79%,25.32%,20.33%,32.35%,19.53%,19.53%
2024-09-19,000858,五 粮 液,Spring,99,21.11%,37.04%,32.06%,34.81%,31.26%,31.26%
2024-09-20,000538,云南白药,Spring,84,12.47%,14.34%,14.32%,15.67%,13.52%,13.52%
2024-09-20,600760,中航沈飞,SC,72,10.00%,17.49%,22.18%,27.98%,21.38%,21.38%
2024-09-20,002714,牧原股份,SC,97,20.12%,17.67%,19.96%,14.00%,19.16%,19.16%
2024-09-20,002714,牧原股份,Spring,97,20.12%,17.67%,19.96%,14.00%,19.16%,19.16%
2024-09-23,002466,天齐锂业,ST,90,41.20%,35.86%,48.62%,61.85%,47.82%,47.82%
2024-09-23,301166,优宁维,Spring,93,26.34%,18.36%,24.61%,21.09%,23.81%,23.81%
2024-09-24,603501,豪威集团,SC,77,38.60%,28.44%,28.51%,13.25%,27.71%,27.71%
2024-09-24,688716,中研股份,SC,56,44.00%,16.62%,37.42%,49.11%,36.62%,36.62%
2024-09-24,688322,奥比中光-W,SC,54,51.93%,25.94%,43.31%,41.70%,42.51%,42.51%
2024-09-24,688322,奥比中光-W,Spring,97,51.93%,25.94%,43.31%,41.70%,42.51%,42.51%
2024-09-24,000688,科创50,Spring,97,53.51%,34.75%,46.22%,42.66%,45.42%,45.42%
2024-09-24,600276,恒瑞医药,Shakeout,95,28.29%,15.90%,10.35%,11.50%,9.55%,9.55%
2024-10-14,002416,爱施德,Shakeout,75,0.97%,7.02%,73.39%,44.54%,72.59%,72.59%
2024-10-16,605599,菜百股份,ST,81,0.66%,0.00%,4.96%,10.67%,4.16%,4.16%
2024-10-16,603019,中科曙光,Shakeout,56,11.12%,19.30%,68.74%,50.42%,67.94%,67.94%
2024-10-17,300009,安科生物,LPS,61,6.36%,3.98%,6.25%,5.68%,5.45%,5.45%
2024-10-18,002415,海康威视,Shakeout,76,7.20%,4.33%,8.76%,6.72%,7.96%,7.96%
2024-10-18,603501,豪威集团,Shakeout,81,1.43%,-4.79%,-2.33%,-10.47%,-3.13%,-3.13%
2024-10-18,000703,恒逸石化,Shakeout,70,2.84%,-0.32%,2.84%,-2.21%,2.04%,2.04%
2024-10-31,600036,招商银行,LPS,43,5.92%,1.87%,-2.38%,5.67%,-3.18%,-3.18%
2024-10-31,601816,京沪高铁,Shakeout,91,5.34%,1.84%,5.52%,14.00%,4.72%,4.72%
2024-10-31,688981,中芯国际,LPS,43,17.21%,11.43%,0.17%,11.27%,-0.63%,-0.63%
2024-10-31,000001,平安银行,LPS,44,4.66%,1.41%,-0.35%,4.22%,-1.15%,-1.15%
2024-11-13,600900,长江电力,Spring,94,0.84%,0.00%,2.85%,5.11%,2.05%,2.05%
2024-11-18,300347,泰格医药,Spring,81,2.86%,10.07%,3.10%,-15.74%,2.30%,2.30%
2024-11-18,002466,天齐锂业,LPS,55,7.74%,1.98%,-5.98%,-11.91%,-6.78%,-6.78%
2024-11-18,002117,东港股份,LPS,53,28.31%,17.18%,20.27%,81.95%,19.47%,19.47%
2024-11-19,002230,科大讯飞,Shakeout,56,-1.51%,4.44%,4.56%,-2.66%,3.76%,3.76%
2024-11-25,001979,招商蛇口,Spring,73,13.41%,4.32%,-2.63%,-4.13%,-3.43%,-3.43%
2024-11-25,002648,卫星化学,Spring,46,2.80%,1.94%,1.43%,13.19%,0.63%,0.63%
2024-11-25,600809,山西汾酒,LPS,59,1.89%,1.39%,-4.72%,-9.07%,-5.52%,-5.52%
2024-11-25,600862,中航高科,LPS,43,4.93%,3.99%,1.67%,5.66%,0.87%,0.87%
2024-11-25,601318,中国平安,Spring,95,2.74%,4.30%,1.01%,-5.08%,0.21%,0.21%
2024-11-26,600036,招商银行,Spring,80,2.01%,6.07%,7.78%,8.41%,6.98%,6.98%
2024-11-27,000852,中证1000,LPS,63,1.41%,5.37%,-0.39%,-4.73%,-1.19%,-1.19%
2024-11-27,000703,恒逸石化,ST,98,-0.16%,2.91%,-2.59%,-2.43%,-3.39%,-3.39%
2024-11-29,002594,比亚迪,Spring,99,1.98%,0.61%,4.17%,-0.12%,3.37%,3.37%
2024-11-29,688322,奥比中光-W,Spring,94,21.07%,17.35%,49.31%,64.61%,48.51%,48.51%
2024-11-29,688322,奥比中光-W,Shakeout,90,21.07%,17.35%,49.31%,64.61%,48.51%,48.51%
2024-12-05,300760,迈瑞医疗,Spring,80,5.60%,-0.98%,-4.45%,-0.37%,-5.25%,-5.25%
2024-12-09,002714,牧原股份,Spring,85,0.96%,-1.21%,-2.69%,-6.23%,-3.49%,-3.49%
2024-12-16,688981,中芯国际,Spring,98,16.79%,21.83%,21.19%,25.08%,20.39%,20.39%
2024-12-16,002821,凯莱英,SC,70,-1.41%,0.47%,-5.36%,4.12%,-6.16%,-6.16%
2024-12-18,002117,东港股份,LPS,56,6.81%,36.70%,39.79%,52.45%,38.99%,38.99%
2024-12-24,605599,菜百股份,LPS,53,0.35%,-2.83%,-3.63%,1.50%,-4.43%,-4.43%
2024-12-25,002416,爱施德,Spring,94,25.83%,-0.74%,-5.81%,-1.40%,-6.61%,-6.61%
2025-01-02,601899,紫金矿业,SC,53,4.87%,6.52%,9.49%,8.23%,8.69%,8.69%
2025-01-06,600036,招商银行,LPS,67,0.05%,2.74%,4.94%,11.42%,4.14%,4.14%
2025-01-06,603903,中持股份,Spring,93,0.00%,6.27%,10.23%,15.84%,9.43%,9.43%
2025-01-06,688716,中研股份,Spring,20,12.82%,22.94%,30.71%,15.28%,29.91%,29.91%
2025-01-06,300333,兆日科技,Spring,26,12.57%,15.01%,17.75%,1.18%,16.95%,16.95%
2025-01-06,000688,科创50,Spring,93,1.44%,3.15%,9.13%,17.26%,8.33%,8.33%
2025-01-07,300750,宁德时代,Spring,92,2.71%,5.91%,2.83%,2.51%,2.03%,2.03%
2025-01-08,300124,汇川技术,Spring,83,6.90%,6.90%,14.62%,27.49%,13.82%,13.82%
2025-01-08,600760,中航沈飞,Spring,94,5.42%,4.39%,5.10%,0.34%,4.30%,4.30%
2025-01-08,002230,科大讯飞,Spring,81,3.10%,5.99%,17.05%,12.00%,16.25%,16.25%
2025-01-08,600850,电科数字,Spring,27,3.51%,5.77%,22.27%,26.55%,21.47%,21.47%
2025-01-13,000001,平安银行,Spring,76,1.96%,2.41%,5.45%,2.59%,4.65%,4.65%
2025-01-13,000001,上证指数,Spring,80,2.65%,2.84%,5.18%,8.51%,4.38%,4.38%
2025-01-13,399006,创业板指,Spring,79,6.17%,4.10%,10.09%,12.42%,9.29%,9.29%
2025-01-13,510300,沪深300ETF华泰柏瑞,Spring,80,2.86%,2.60%,5.36%,7.75%,4.56%,4.56%
2025-01-13,605599,菜百股份,Spring,82,5.23%,8.91%,7.17%,17.15%,6.37%,6.37%
2025-01-13,300009,安科生物,Spring,76,2.72%,2.10%,9.57%,11.94%,8.77%,8.77%
2025-01-13,002594,比亚迪,Spring,79,6.93%,3.20%,33.92%,44.58%,33.12%,33.12%
2025-01-13,601628,中国人寿,Spring,82,5.53%,8.47%,6.36%,4.46%,5.56%,5.56%
2025-01-13,603019,中科曙光,Spring,81,6.31%,10.02%,19.76%,17.33%,18.96%,18.96%
2025-01-13,002415,海康威视,Spring,81,2.20%,4.92%,16.01%,20.60%,15.21%,15.21%
2025-01-13,002821,凯莱英,Spring,80,7.89%,6.43%,16.76%,17.01%,15.96%,15.96%
2025-01-13,601688,华泰证券,Spring,75,3.30%,3.91%,6.73%,11.07%,5.93%,5.93%
2025-01-13,600519,贵州茅台,Spring,87,2.13%,-0.62%,2.15%,12.47%,1.35%,1.35%
2025-01-13,600741,华域汽车,Spring,89,4.30%,6.19%,8.79%,12.96%,7.99%,7.99%
2025-01-13,000852,中证1000,Spring,75,5.75%,5.16%,10.48%,18.93%,9.68%,9.68%
2025-01-13,603799,华友钴业,Spring,75,4.31%,2.45%,5.12%,29.45%,4.32%,4.32%
2025-01-13,002956,西麦食品,Spring,67,7.40%,3.21%,2.69%,10.48%,1.88%,1.88%
2025-01-14,601628,中国人寿,SC,67,3.26%,2.86%,3.65%,2.03%,2.85%,2.85%
2025-01-22,600104,上汽集团,Spring,68,4.36%,13.89%,4.36%,-4.79%,3.56%,3.56%
2025-01-22,300760,迈瑞医疗,Spring,84,4.63%,9.43%,11.52%,5.67%,10.72%,10.72%
2025-01-22,000703,恒逸石化,Shakeout,73,1.00%,4.32%,3.16%,1.99%,2.36%,2.36%
2025-01-23,002648,卫星化学,LPS,57,3.28%,7.08%,8.87%,15.74%,8.07%,8.07%
2025-01-24,002466,天齐锂业,Spring,85,5.13%,5.52%,10.10%,-2.16%,9.30%,9.30%
2025-01-24,600436,片仔癀,SC,95,2.96%,3.05%,1.22%,0.62%,0.42%,0.42%
2025-01-24,600436,片仔癀,Spring,95,2.96%,3.05%,1.22%,0.62%,0.42%,0.42%
2025-02-06,600887,伊利股份,Spring,98,1.66%,2.88%,3.48%,4.58%,2.68%,2.68%
2025-02-07,002714,牧原股份,SC,52,2.42%,0.49%,0.22%,5.32%,-0.58%,-0.58%
2025-02-12,001979,招商蛇口,SC,69,-2.86%,-0.10%,-3.78%,0.61%,-4.58%,-4.58%
2025-02-17,600893,航发动力,SC,58,-2.15%,-6.15%,1.75%,-10.58%,0.95%,0.95%
2025-02-18,600741,华域汽车,LPS,53,2.91%,3.60%,3.84%,-2.85%,3.04%,3.04%
2025-02-19,002956,西麦食品,Shakeout,53,1.08%,-0.38%,7.11%,18.91%,6.31%,6.31%
2025-02-21,001979,招商蛇口,Spring,86,5.59%,4.73%,1.72%,5.70%,0.92%,0.92%
2025-02-25,600585,海螺水泥,Spring,92,3.16%,7.60%,8.00%,10.63%,7.20%,7.20%
2025-02-28,002415,海康威视,LPS,53,11.35%,10.65%,2.75%,-6.90%,1.95%,1.95%
2025-02-28,601899,紫金矿业,Spring,97,7.04%,13.88%,18.31%,15.05%,17.51%,17.51%
2025-02-28,600893,航发动力,Spring,99,7.94%,9.94%,4.19%,-6.66%,3.39%,3.39%
2025-03-03,300124,汇川技术,LPS,58,7.17%,-2.76%,-5.86%,-7.31%,-6.66%,-6.66%
2025-03-03,601816,京沪高铁,Spring,97,2.21%,3.14%,2.77%,7.93%,1.97%,1.97%
2025-03-04,399006,创业板指,LPS,50,0.64%,1.76%,-4.03%,-11.05%,-4.83%,-4.83%
2025-03-04,510300,沪深300ETF华泰柏瑞,LPS,56,1.46%,3.17%,0.13%,-2.79%,-0.67%,-0.67%
2025-03-05,300009,安科生物,LPS,43,1.17%,4.44%,1.40%,-3.39%,0.60%,0.60%
2025-03-06,000538,云南白药,Spring,54,-0.80%,-0.40%,3.04%,5.81%,2.24%,2.24%
2025-03-11,600436,片仔癀,ST,77,1.74%,1.30%,1.15%,1.72%,0.35%,0.35%
2025-03-11,600030,中信证券,Spring,69,2.38%,-1.03%,-8.83%,-3.66%,-9.63%,-9.63%
2025-03-11,300333,兆日科技,Spring,93,3.14%,-9.14%,-25.00%,-12.50%,-25.80%,-25.80%
2025-03-12,300750,宁德时代,LPS,42,4.28%,0.95%,-14.35%,3.71%,-15.15%,-15.15%
2025-03-13,002821,凯莱英,ST,94,4.93%,5.10%,-14.84%,5.57%,-15.64%,-15.64%
2025-03-13,002821,凯莱英,LPS,94,4.93%,5.10%,-14.84%,5.57%,-15.64%,-15.64%
2025-03-14,600741,华域汽车,LPS,59,1.77%,2.68%,-4.91%,6.10%,-5.71%,-5.71%
2025-03-25,002648,卫星化学,Shakeout,65,4.48%,-24.19%,-19.58%,-19.02%,-20.38%,-20.38%
2025-04-01,300760,迈瑞医疗,SC,69,-9.68%,-9.89%,-7.18%,-0.83%,-7.98%,-5.40%
2025-04-07,600104,上汽集团,Spring,5,11.35%,10.34%,18.82%,10.13%,18.02%,18.02%
2025-04-07,000001,平安银行,SC,77,2.15%,2.99%,3.55%,9.35%,2.75%,2.75%
2025-04-07,300750,宁德时代,Shakeout,100,4.08%,7.50%,15.91%,17.95%,15.11%,15.11%
2025-04-07,688981,中芯国际,SC,83,9.52%,7.75%,7.12%,0.67%,6.32%,6.32%
2025-04-07,000001,上证指数,Spring,97,5.37%,6.29%,8.25%,9.33%,7.45%,7.45%
2025-04-07,510300,沪深300ETF华泰柏瑞,SC,85,4.14%,4.87%,6.90%,7.88%,6.10%,6.10%
2025-04-07,300864,南大环境,Spring,95,6.68%,7.23%,12.93%,12.30%,12.13%,12.13%
2025-04-07,001979,招商蛇口,SC,93,5.82%,7.90%,0.88%,-4.94%,0.08%,0.08%
2025-04-07,001979,招商蛇口,Spring,93,5.82%,7.90%,0.88%,-4.94%,0.08%,0.08%
2025-04-07,600406,国电南瑞,SC,97,7.09%,5.99%,4.85%,2.33%,4.05%,4.05%
2025-04-07,600406,国电南瑞,Spring,97,7.09%,5.99%,4.85%,2.33%,4.05%,4.05%
2025-04-07,600036,招商银行,SC,95,1.59%,3.55%,4.82%,8.91%,4.02%,4.02%
2025-04-07,600036,招商银行,Spring,95,1.59%,3.55%,4.82%,8.91%,4.02%,4.02%
2025-04-07,601628,中国人寿,SC,97,3.01%,4.39%,8.79%,14.93%,7.99%,7.99%
2025-04-07,601628,中国人寿,Spring,97,3.01%,4.39%,8.79%,14.93%,7.99%,7.99%
2025-04-07,600741,华域汽车,SC,85,-0.42%,-2.03%,8.24%,6.27%,7.44%,7.44%
2025-04-07,601166,兴业银行,SC,95,3.33%,4.72%,6.95%,17.04%,6.15%,6.15%
2025-04-07,601166,兴业银行,Spring,95,3.33%,4.72%,6.95%,17.04%,6.15%,6.15%
2025-04-07,600436,片仔癀,SC,97,2.46%,3.25%,3.82%,1.65%,3.02%,3.02%
2025-04-07,600436,片仔癀,Spring,97,2.46%,3.25%,3.82%,1.65%,3.02%,3.02%
2025-04-07,603019,中科曙光,Spring,97,10.27%,9.51%,9.71%,13.12%,8.91%,8.91%
2025-04-07,300124,汇川技术,Spring,97,3.03%,2.61%,13.89%,4.06%,13.09%,13.09%
2025-04-07,002415,海康威视,SC,95,2.90%,3.55%,3.69%,4.91%,2.89%,2.89%
2025-04-07,600028,中国石化,SC,97,4.28%,5.20%,5.76%,6.88%,4.96%,4.96%
2025-04-07,600028,中国石化,Spring,97,4.28%,5.20%,5.76%,6.88%,4.96%,4.96%
2025-04-07,000538,云南白药,SC,85,2.98%,4.02%,5.90%,5.07%,5.10%,5.10%
2025-04-07,600760,中航沈飞,SC,97,8.46%,7.18%,17.99%,21.91%,17.19%,17.19%
2025-04-07,600760,中航沈飞,Spring,97,8.46%,7.18%,17.99%,21.91%,17.19%,17.19%
2025-04-07,600862,中航高科,Spring,97,10.00%,8.56%,12.10%,7.68%,11.30%,11.30%
2025-04-07,688111,金山办公,SC,74,8.03%,10.13%,8.96%,2.04%,8.16%,8.16%
2025-04-07,300059,东方财富,SC,95,6.57%,7.04%,10.10%,8.39%,9.30%,9.30%
2025-04-07,603288,海天味业,SC,97,7.25%,7.28%,8.42%,11.15%,7.62%,7.62%
2025-04-07,603288,海天味业,Spring,97,7.25%,7.28%,8.42%,11.15%,7.62%,7.62%
2025-04-07,000703,恒逸石化,SC,97,2.43%,2.61%,5.04%,5.39%,4.24%,4.24%
2025-04-07,000703,恒逸石化,Spring,97,2.43%,2.61%,5.04%,5.39%,4.24%,4.24%
2025-04-07,000858,五 粮 液,SC,95,3.36%,2.81%,3.96%,-1.33%,3.16%,3.16%
2025-04-07,000858,五 粮 液,Spring,95,3.36%,2.81%,3.96%,-1.33%,3.16%,3.16%
2025-04-07,605599,菜百股份,Shakeout,95,8.26%,13.85%,22.74%,52.66%,21.94%,21.94%
2025-04-07,300864,南大环境,Shakeout,95,6.68%,7.23%,12.93%,12.30%,12.13%,12.13%
2025-04-07,600036,招商银行,Shakeout,95,1.59%,3.55%,4.82%,8.91%,4.02%,4.02%
2025-04-07,601166,兴业银行,Shakeout,95,3.33%,4.72%,6.95%,17.04%,6.15%,6.15%
2025-04-07,002415,海康威视,Shakeout,95,2.90%,3.55%,3.69%,4.91%,2.89%,2.89%
2025-04-07,300059,东方财富,Shakeout,95,6.57%,7.04%,10.10%,8.39%,9.30%,9.30%
2025-04-07,002714,牧原股份,Shakeout,88,5.05%,4.44%,2.37%,6.09%,1.57%,1.57%
2025-04-07,600887,伊利股份,Shakeout,95,6.23%,5.40%,7.07%,8.25%,6.27%,6.27%
2025-04-07,001979,招商蛇口,ST,93,5.82%,7.90%,0.88%,-4.94%,0.08%,0.08%
2025-04-07,300332,天壕能源,Shakeout,98,10.46%,9.73%,13.87%,14.11%,13.07%,13.07%
2025-04-07,000688,科创50,SC,59,9.75%,10.31%,11.07%,7.30%,10.27%,10.27%
2025-04-07,000688,科创50,Spring,99,9.75%,10.31%,11.07%,7.30%,10.27%,10.27%
2025-04-07,601318,中国平安,SC,60,1.89%,3.54%,7.00%,9.99%,6.20%,6.20%
2025-04-07,601318,中国平安,Spring,99,1.89%,3.54%,7.00%,9.99%,6.20%,6.20%
2025-04-07,601318,中国平安,Shakeout,98,1.89%,3.54%,7.00%,9.99%,6.20%,6.20%
2025-04-07,000858,五 粮 液,Shakeout,98,3.36%,2.81%,3.96%,-1.33%,3.16%,3.16%
2025-04-07,600893,航发动力,SC,59,8.45%,7.98%,10.98%,11.20%,10.18%,10.18%
2025-04-08,300750,宁德时代,SC,66,4.15%,7.42%,15.61%,14.35%,14.81%,14.81%
2025-04-08,603501,豪威集团,SC,80,7.48%,6.60%,13.54%,12.90%,12.74%,12.74%
2025-04-08,000725,京东方Ａ,SC,68,1.07%,2.67%,3.21%,5.88%,2.41%,2.41%
2025-04-08,600030,中信证券,SC,70,2.49%,2.37%,4.29%,7.88%,3.49%,3.49%
2025-04-08,002230,科大讯飞,SC,79,3.69%,5.59%,10.94%,14.09%,10.14%,10.14%
2025-04-08,601012,隆基绿能,SC,51,1.45%,1.93%,2.75%,-0.28%,1.95%,1.95%
2025-04-08,002956,西麦食品,Shakeout,63,13.33%,16.35%,31.56%,36.52%,30.76%,30.76%
2025-04-09,600732,爱旭股份,Spring,93,-1.80%,1.40%,13.37%,12.08%,12.57%,12.57%
2025-04-09,002466,天齐锂业,SC,74,1.77%,1.92%,9.83%,11.38%,9.03%,9.03%
2025-04-09,002416,爱施德,SC,95,4.14%,4.59%,5.73%,3.93%,4.93%,4.93%
2025-04-09,002594,比亚迪,Spring,92,8.49%,14.60%,14.07%,8.79%,13.27%,13.27%
2025-04-09,603259,药明康德,SC,95,2.17%,9.70%,15.92%,29.38%,15.12%,15.12%
2025-04-09,603259,药明康德,Spring,95,2.17%,9.70%,15.92%,29.38%,15.12%,15.12%
2025-04-09,002648,卫星化学,SC,83,-2.56%,6.09%,14.19%,4.96%,13.39%,13.39%
2025-04-09,300347,泰格医药,SC,59,-2.05%,1.89%,0.36%,19.06%,-0.44%,-0.44%
2025-04-09,002821,凯莱英,SC,97,-0.72%,6.75%,28.97%,50.30%,28.17%,28.17%
2025-04-09,002821,凯莱英,Spring,97,-0.72%,6.75%,28.97%,50.30%,28.17%,28.17%
2025-04-09,002230,科大讯飞,Spring,77,1.84%,3.82%,9.81%,10.50%,9.01%,9.01%
2025-04-09,002416,爱施德,Shakeout,95,4.14%,4.59%,5.73%,3.93%,4.93%,4.93%
2025-04-09,603259,药明康德,Shakeout,95,2.17%,9.70%,15.92%,29.38%,15.12%,15.12%
2025-04-09,002594,比亚迪,Shakeout,92,8.49%,14.60%,14.07%,8.79%,13.27%,13.27%
2025-04-09,000852,中证1000,Spring,95,3.24%,5.88%,9.11%,9.01%,8.31%,8.31%
2025-04-09,000852,中证1000,Shakeout,95,3.24%,5.88%,9.11%,9.01%,8.31%,8.31%
2025-04-09,603903,中持股份,Spring,98,2.85%,7.59%,12.18%,18.67%,11.38%,11.38%
2025-04-09,301166,优宁维,Spring,32,3.15%,5.19%,7.90%,12.39%,7.10%,7.10%
2025-04-09,301166,优宁维,Shakeout,29,3.15%,5.19%,7.90%,12.39%,7.10%,7.10%
2025-04-09,688716,中研股份,Spring,29,4.75%,24.60%,38.06%,20.75%,37.26%,37.26%
2025-04-09,600276,恒瑞医药,Shakeout,90,1.41%,5.95%,5.12%,14.74%,4.32%,4.32%
2025-04-09,601899,紫金矿业,Shakeout,98,11.43%,11.75%,11.24%,14.76%,10.44%,10.44%
2025-04-09,603799,华友钴业,Spring,77,4.87%,14.37%,19.31%,15.32%,18.51%,18.51%
2025-04-09,301098,金埔园林,Spring,73,2.81%,10.31%,15.53%,25.44%,14.73%,14.73%
2025-04-23,600741,华域汽车,Spring,78,8.60%,11.84%,12.20%,10.80%,11.40%,11.40%
2025-04-24,688111,金山办公,ST,84,9.39%,5.48%,-1.42%,-1.26%,-2.22%,-2.22%
2025-04-28,605599,菜百股份,LPS,44,12.36%,12.52%,31.71%,33.66%,30.91%,30.91%
2025-04-28,603288,海天味业,LPS,61,3.27%,4.58%,8.17%,-4.19%,7.37%,7.37%
2025-04-29,002415,海康威视,ST,86,1.81%,2.35%,2.44%,0.99%,1.64%,1.64%
2025-04-30,000001,平安银行,ST,83,2.29%,4.22%,8.25%,16.29%,7.45%,7.45%
2025-04-30,600809,山西汾酒,Spring,82,0.96%,-1.96%,-11.27%,-14.54%,-12.07%,-12.07%
2025-04-30,601816,京沪高铁,LPS,58,2.75%,3.10%,1.20%,-1.38%,0.40%,0.40%
2025-04-30,600036,招商银行,ST,86,7.51%,7.61%,7.93%,14.02%,7.13%,7.13%
2025-05-06,600406,国电南瑞,ST,85,3.00%,2.69%,-2.06%,1.30%,-2.86%,-2.86%
2025-05-06,600406,国电南瑞,LPS,85,3.00%,2.69%,-2.06%,1.30%,-2.86%,-2.86%
2025-05-06,000858,五 粮 液,ST,94,2.70%,-0.28%,-3.82%,-7.96%,-4.62%,-4.62%
2025-05-16,300347,泰格医药,SC,94,12.48%,17.09%,22.36%,38.23%,21.56%,21.56%
2025-05-16,300347,泰格医药,Spring,94,12.48%,17.09%,22.36%,38.23%,21.56%,21.56%
2025-05-16,300347,泰格医药,ST,94,12.48%,17.09%,22.36%,38.23%,21.56%,21.56%
2025-05-28,600030,中信证券,LPS,50,2.99%,4.01%,8.46%,18.17%,7.66%,7.66%
2025-05-29,688111,金山办公,ST,76,0.16%,-5.43%,-4.10%,7.08%,-4.90%,-4.90%
2025-05-29,002714,牧原股份,Spring,81,6.41%,13.24%,9.25%,27.37%,8.45%,8.45%
2025-05-29,601166,兴业银行,LPS,56,4.02%,3.75%,8.87%,7.06%,8.07%,8.07%
2025-05-29,600893,航发动力,Shakeout,95,0.66%,3.23%,4.11%,16.27%,3.31%,3.31%
2025-06-03,600104,上汽集团,Shakeout,100,2.16%,4.65%,4.59%,15.86%,3.79%,3.79%
2025-06-03,603501,豪威集团,Spring,84,1.69%,0.32%,2.47%,0.39%,1.67%,1.67%
2025-06-03,001979,招商蛇口,Spring,94,0.47%,2.21%,0.47%,11.27%,-0.33%,-0.33%
2025-06-03,001979,招商蛇口,ST,94,0.47%,2.21%,0.47%,11.27%,-0.33%,-0.33%
2025-06-03,000725,京东方Ａ,ST,89,2.63%,3.16%,6.34%,9.53%,5.54%,5.54%
2025-06-04,600406,国电南瑞,SC,60,1.88%,3.29%,3.43%,2.59%,2.63%,2.63%
2025-06-05,002648,卫星化学,Spring,93,1.14%,-3.49%,9.04%,17.59%,8.24%,8.24%
2025-06-05,002648,卫星化学,ST,93,1.14%,-3.49%,9.04%,17.59%,8.24%,8.24%
2025-06-09,601899,紫金矿业,Shakeout,89,6.26%,4.51%,11.79%,12.24%,10.99%,10.99%
2025-06-09,601012,隆基绿能,SC,56,1.10%,-1.31%,6.84%,8.98%,6.04%,6.04%
2025-06-09,601012,隆基绿能,ST,84,1.10%,-1.31%,6.84%,8.98%,6.04%,6.04%
2025-06-13,600436,片仔癀,SC,60,-0.71%,-0.47%,-1.70%,0.32%,-2.50%,-2.50%
2025-06-13,000688,科创50,SC,55,-1.55%,1.57%,2.21%,7.26%,1.41%,1.41%
2025-06-16,600809,山西汾酒,SC,62,3.19%,2.42%,5.50%,10.63%,4.70%,4.70%
2025-06-16,000858,五 粮 液,Shakeout,97,0.01%,0.53%,6.04%,7.50%,5.24%,5.24%
2025-06-23,688981,中芯国际,ST,69,4.65%,1.46%,5.66%,9.57%,4.86%,4.86%
2025-06-23,601816,京沪高铁,SC,97,1.05%,0.18%,0.33%,-4.16%,-0.47%,-0.47%
2025-06-23,601816,京沪高铁,Spring,97,1.05%,0.18%,0.33%,-4.16%,-0.47%,-0.47%
2025-06-23,600585,海螺水泥,Spring,83,2.79%,6.62%,18.25%,15.86%,17.45%,17.45%
2025-06-23,300009,安科生物,Spring,81,1.33%,5.93%,14.89%,42.98%,14.09%,14.09%
2025-06-23,600436,片仔癀,ST,94,0.56%,-0.83%,-0.19%,2.14%,-0.99%,-0.99%
2025-06-23,000538,云南白药,Spring,80,1.40%,1.09%,2.09%,3.31%,1.29%,1.29%
2025-06-23,688111,金山办公,Spring,78,6.68%,0.34%,10.60%,15.43%,9.80%,9.80%
2025-06-23,603288,海天味业,ST,91,1.22%,0.42%,1.20%,2.29%,0.40%,0.40%
2025-06-23,603259,药明康德,LPS,62,6.56%,7.00%,26.80%,48.58%,26.00%,26.00%
2025-06-23,300347,泰格医药,LPS,56,6.73%,6.06%,16.03%,39.11%,15.23%,15.23%
2025-06-23,603019,中科曙光,LPS,43,5.64%,2.10%,4.14%,11.79%,3.34%,3.34%
2025-06-23,002821,凯莱英,LPS,57,5.72%,3.52%,15.72%,29.15%,14.92%,14.92%
2025-06-23,002466,天齐锂业,Shakeout,63,5.95%,6.48%,18.72%,47.02%,17.92%,17.92%
2025-06-23,002415,海康威视,Spring,83,1.50%,0.40%,3.00%,9.88%,2.20%,2.20%
2025-06-23,002230,科大讯飞,LPS,52,4.04%,0.89%,4.35%,8.46%,3.55%,3.55%
2025-06-23,002956,西麦食品,Spring,77,10.24%,9.72%,-1.36%,4.13%,-2.17%,-2.17%
2025-06-24,600760,中航沈飞,LPS,60,9.53%,13.38%,24.22%,12.67%,23.42%,23.42%
2025-06-24,002714,牧原股份,LPS,54,1.77%,5.84%,17.36%,13.21%,16.56%,16.56%
2025-06-24,600028,中国石化,Shakeout,67,-0.18%,0.18%,6.35%,0.00%,5.55%,5.55%
2025-07-01,600809,山西汾酒,ST,80,2.96%,2.09%,7.13%,21.69%,6.33%,6.33%
2025-07-04,000688,科创50,ST,94,0.98%,2.31%,5.28%,36.20%,4.48%,4.48%
2025-07-10,002594,比亚迪,SC,66,2.11%,6.69%,-0.46%,-1.71%,-1.26%,-1.26%
2025-07-10,601899,紫金矿业,Shakeout,90,1.22%,6.79%,7.75%,26.70%,6.95%,6.95%
2025-07-15,002648,卫星化学,LPS,47,6.98%,7.27%,10.93%,16.69%,10.13%,10.13%
2025-07-16,300760,迈瑞医疗,Spring,77,6.45%,10.86%,10.17%,11.84%,9.37%,9.37%
2025-07-16,601628,中国人寿,LPS,60,3.35%,6.34%,1.74%,-0.65%,0.94%,0.94%
2025-07-16,000703,恒逸石化,Spring,93,6.02%,6.54%,2.93%,14.29%,2.13%,2.13%
2025-07-17,601816,京沪高铁,ST,94,2.17%,-2.17%,-1.81%,-3.80%,-2.61%,-2.61%
2025-07-18,600406,国电南瑞,ST,81,1.97%,0.05%,0.00%,2.07%,-0.80%,-0.80%
2025-07-21,002956,西麦食品,SC,62,-0.78%,0.15%,5.57%,8.38%,4.77%,4.77%
2025-07-22,601318,中国平安,Shakeout,65,4.92%,4.30%,2.65%,-0.14%,1.85%,1.85%
2025-07-23,002416,爱施德,LPS,57,3.82%,2.91%,6.48%,-1.49%,5.68%,5.68%
2025-07-24,600900,长江电力,SC,54,-3.80%,-3.04%,-3.77%,-5.63%,-4.57%,-4.57%
2025-07-30,605599,菜百股份,Spring,77,1.05%,0.46%,-0.85%,-7.26%,-1.65%,-1.65%
2025-07-31,600436,片仔癀,Shakeout,81,1.07%,1.48%,3.37%,-0.52%,2.57%,2.57%
2025-08-01,002594,比亚迪,SC,58,-1.77%,0.26%,7.81%,1.41%,7.01%,7.01%
2025-08-01,002117,东港股份,LPS,48,4.55%,6.99%,5.73%,-2.95%,4.93%,4.93%
2025-08-01,601166,兴业银行,LPS,45,2.35%,-0.93%,-0.53%,-9.81%,-1.33%,-1.33%
2025-08-04,603501,豪威集团,Spring,82,0.42%,7.55%,21.61%,25.59%,20.81%,20.81%
2025-08-04,510300,沪深300ETF华泰柏瑞,LPS,47,1.20%,4.21%,11.18%,13.87%,10.38%,10.38%
2025-08-04,001979,招商蛇口,LPS,53,2.30%,4.14%,7.59%,14.38%,6.79%,6.79%
2025-08-04,600585,海螺水泥,LPS,54,4.05%,3.15%,3.62%,-0.47%,2.82%,2.82%
2025-08-04,600809,山西汾酒,LPS,56,4.72%,6.50%,12.57%,9.18%,11.77%,11.77%
2025-08-04,600741,华域汽车,LPS,59,3.77%,4.57%,11.71%,16.79%,10.91%,10.91%
2025-08-04,002714,牧原股份,LPS,43,1.83%,0.91%,19.36%,15.44%,18.56%,18.56%
2025-08-04,300760,迈瑞医疗,LPS,49,1.41%,4.11%,8.44%,5.74%,7.64%,7.64%
2025-08-04,600406,国电南瑞,LPS,46,0.55%,-0.46%,-1.32%,3.65%,-2.12%,-2.12%
2025-08-04,600028,中国石化,LPS,46,0.53%,0.53%,0.89%,-4.53%,0.09%,0.09%
2025-08-04,300333,兆日科技,Spring,93,5.06%,8.35%,7.63%,-7.85%,6.83%,6.83%
2025-08-04,002594,比亚迪,Spring,76,0.61%,3.33%,4.60%,3.56%,3.80%,3.80%
2025-08-14,000703,恒逸石化,LPS,54,6.44%,8.81%,14.24%,7.80%,13.44%,13.44%
2025-08-14,603903,中持股份,Spring,98,12.40%,26.34%,53.45%,81.84%,52.65%,52.65%
2025-08-15,000001,平安银行,Spring,100,-0.17%,-0.25%,-2.98%,-3.50%,-3.78%,-3.78%
2025-08-15,601628,中国人寿,Shakeout,82,1.37%,-0.57%,-7.33%,0.99%,-8.13%,-8.13%
2025-08-15,000725,京东方Ａ,Shakeout,89,5.56%,6.82%,5.30%,1.01%,4.50%,4.50%
2025-08-15,002956,西麦食品,ST,70,6.03%,3.51%,5.84%,-7.69%,5.04%,5.04%
2025-08-18,600036,招商银行,Spring,99,0.83%,-3.52%,-2.96%,-3.52%,-3.76%,-3.76%
2025-08-20,601816,京沪高铁,SC,97,0.57%,0.38%,0.38%,-0.19%,-0.42%,-0.42%
2025-08-20,601816,京沪高铁,Spring,97,0.57%,0.38%,0.38%,-0.19%,-0.42%,-0.42%
2025-08-22,600406,国电南瑞,SC,61,-0.50%,-1.97%,2.01%,8.43%,1.21%,1.21%
2025-08-22,000001,平安银行,SC,52,-0.08%,-2.82%,-5.06%,-2.49%,-5.86%,-5.86%
2025-08-28,605599,菜百股份,SC,85,1.12%,0.91%,-2.73%,0.98%,-3.53%,-3.53%
2025-08-28,001979,招商蛇口,LPS,50,0.00%,4.30%,5.74%,4.30%,4.94%,4.94%
2025-08-28,300332,天壕能源,Spring,91,-1.14%,7.59%,6.64%,12.71%,5.84%,5.84%
2025-08-28,301098,金埔园林,Shakeout,81,-2.62%,-0.22%,-4.69%,-0.22%,-5.49%,-5.49%
2025-08-28,002956,西麦食品,ST,80,0.93%,6.07%,-4.30%,-0.37%,-5.10%,-5.10%
2025-08-29,605599,菜百股份,Spring,89,5.02%,4.73%,0.07%,1.65%,-0.73%,-0.73%
2025-09-04,002416,爱施德,Spring,81,0.85%,1.11%,7.50%,6.56%,6.70%,6.70%
2025-09-04,600760,中航沈飞,Spring,94,8.48%,8.13%,31.25%,10.29%,30.45%,30.45%
2025-09-04,600809,山西汾酒,LPS,53,5.39%,1.90%,-4.34%,-5.15%,-5.14%,-5.14%
2025-09-04,002648,卫星化学,LPS,43,3.19%,-2.63%,1.70%,-7.31%,0.90%,0.90%
2025-09-04,600030,中信证券,LPS,43,2.60%,-4.09%,0.41%,-1.89%,-0.39%,-0.39%
2025-09-04,300760,迈瑞医疗,LPS,65,4.97%,2.42%,4.23%,-11.37%,3.43%,3.43%
2025-09-04,600406,国电南瑞,Spring,96,5.21%,4.65%,11.18%,18.84%,10.38%,10.38%
2025-09-04,300333,兆日科技,Spring,91,3.07%,1.65%,-5.83%,-13.24%,-6.63%,-6.63%
2025-09-04,000688,科创50,Shakeout,92,8.07%,12.50%,18.39%,15.38%,17.59%,17.59%
2025-09-04,000001,平安银行,ST,80,0.94%,-2.81%,-2.64%,0.43%,-3.44%,-3.44%
2025-09-05,002714,牧原股份,LPS,51,7.15%,1.27%,-1.12%,-2.10%,-1.92%,-1.92%
2025-09-11,300347,泰格医药,Spring,97,-2.89%,-0.85%,-12.50%,-5.42%,-13.30%,-13.30%
2025-09-11,603259,药明康德,Shakeout,60,2.66%,2.61%,-7.39%,-8.91%,-8.19%,-8.19%
2025-09-11,300009,安科生物,LPS,50,-0.37%,-6.14%,-7.16%,0.74%,-7.96%,-7.96%
2025-09-11,600276,恒瑞医药,Shakeout,95,4.10%,5.83%,-4.67%,-7.89%,-5.47%,-5.47%
2025-09-19,600030,中信证券,Spring,80,1.45%,3.14%,5.93%,-3.25%,5.13%,5.13%
2025-09-22,600900,长江电力,ST,98,0.66%,3.21%,4.94%,3.36%,4.14%,4.14%
2025-09-22,600900,长江电力,Spring,92,0.66%,3.21%,4.94%,3.36%,4.14%,4.14%
2025-09-23,600585,海螺水泥,Spring,78,1.52%,7.07%,2.31%,-0.19%,1.51%,1.51%
2025-09-23,300864,南大环境,Spring,84,2.45%,2.91%,4.23%,2.80%,3.43%,3.43%
2025-09-23,002648,卫星化学,Spring,85,4.20%,0.11%,-3.56%,-9.86%,-4.36%,-4.36%
2025-09-23,601628,中国人寿,Spring,78,4.45%,7.25%,19.82%,15.27%,19.02%,19.02%
2025-09-23,600732,爱旭股份,LPS,40,12.30%,20.45%,11.62%,-9.99%,10.82%,10.82%
2025-09-23,600028,中国石化,Spring,83,-1.31%,0.56%,2.99%,7.09%,2.19%,2.19%
2025-09-23,000703,恒逸石化,LPS,48,2.50%,3.28%,7.49%,6.24%,6.69%,6.69%
2025-09-23,301166,优宁维,Spring,99,2.51%,1.99%,3.31%,5.43%,2.51%,2.51%
2025-09-23,301098,金埔园林,Spring,83,3.72%,5.47%,4.42%,4.42%,3.62%,3.62%
2025-09-24,600104,上汽集团,SC,81,-0.79%,-4.93%,-5.15%,-15.86%,-5.95%,-5.95%
2025-09-24,601688,华泰证券,Spring,77,14.23%,12.44%,16.01%,7.09%,15.21%,15.21%
2025-09-24,002594,比亚迪,LPS,51,4.63%,1.18%,-1.99%,-10.80%,-2.79%,-2.79%
2025-09-26,605599,菜百股份,ST,77,4.08%,2.44%,1.58%,9.53%,0.78%,0.78%
2025-09-29,000001,平安银行,Spring,80,1.76%,2.62%,4.06%,4.51%,3.26%,3.26%
2025-09-29,300009,安科生物,Spring,77,1.80%,3.40%,8.40%,-1.50%,7.60%,7.60%
2025-10-09,002714,牧原股份,Spring,95,-1.18%,-6.22%,-5.18%,-5.74%,-5.98%,-5.98%
2025-10-09,601318,中国平安,Spring,91,5.41%,6.74%,8.77%,8.13%,7.97%,7.97%
2025-10-13,600036,招商银行,Spring,85,3.27%,3.69%,6.51%,7.65%,5.71%,5.71%
2025-10-13,601166,兴业银行,ST,87,2.84%,3.71%,7.51%,5.99%,6.71%,6.71%
2025-10-13,601816,京沪高铁,Spring,89,1.57%,3.11%,4.49%,2.72%,3.69%,3.69%
2025-10-13,601816,京沪高铁,ST,89,1.57%,3.11%,4.49%,2.72%,3.69%,3.69%
2025-10-13,002956,西麦食品,Spring,75,1.83%,8.12%,22.51%,25.18%,21.71%,21.71%
2025-10-15,603259,药明康德,Spring,93,1.45%,6.62%,-7.15%,-6.75%,-7.95%,-7.95%
2025-10-17,002117,东港股份,Spring,88,3.38%,6.11%,9.85%,24.27%,9.05%,9.05%
2025-10-17,300059,东方财富,Spring,87,4.18%,2.57%,-1.29%,-7.40%,-2.09%,-2.09%
2025-10-20,603501,豪威集团,LPS,46,4.85%,1.86%,-4.62%,-1.92%,-5.42%,-5.42%
2025-10-20,600741,华域汽车,Spring,85,2.42%,3.87%,4.23%,2.53%,3.43%,3.43%
2025-10-23,300347,泰格医药,Spring,78,12.27%,11.51%,-3.69%,-4.41%,-4.49%,-4.49%
2025-10-23,600406,国电南瑞,LPS,53,5.78%,10.17%,-0.96%,-0.48%,-1.76%,-1.76%
2025-10-23,601688,华泰证券,LPS,54,5.86%,4.51%,0.47%,7.53%,-0.33%,-0.33%
2025-10-23,002230,科大讯飞,LPS,46,4.19%,3.38%,-3.38%,-6.15%,-4.18%,-4.18%
2025-10-27,600809,山西汾酒,Spring,96,4.46%,7.65%,4.08%,-3.62%,3.28%,3.28%
2025-10-27,600862,中航高科,SC,62,-1.54%,-1.58%,-5.05%,-2.68%,-5.85%,-5.85%
2025-10-28,600732,爱旭股份,LPS,47,5.02%,12.17%,-9.77%,-12.98%,-10.57%,-10.57%
2025-10-29,600436,片仔癀,SC,73,-1.83%,1.91%,-1.74%,-5.04%,-2.54%,-2.54%
2025-10-31,002821,凯莱英,SC,70,-2.96%,-2.83%,-5.44%,-2.95%,-6.24%,-6.24%
2025-10-31,000858,五 粮 液,Spring,97,-1.88%,1.03%,-0.96%,-5.59%,-1.76%,-1.76%
2025-10-31,000001,平安银行,LPS,57,2.03%,3.80%,2.56%,1.94%,1.76%,1.76%
2025-11-03,605599,菜百股份,Shakeout,81,6.63%,3.67%,7.83%,13.33%,7.03%,7.03%
2025-11-05,601816,京沪高铁,ST,60,1.54%,-1.54%,0.00%,-0.96%,-0.80%,-0.80%
2025-11-05,603288,海天味业,Spring,81,2.04%,0.29%,-3.40%,-1.78%,-4.20%,-4.20%
2025-11-05,600585,海螺水泥,LPS,51,1.95%,-0.26%,-1.17%,-5.16%,-1.97%,-1.97%
2025-11-05,601628,中国人寿,LPS,56,3.58%,2.88%,0.00%,5.67%,-0.80%,-0.80%
2025-11-12,600760,中航沈飞,LPS,41,3.64%,0.14%,-4.29%,7.00%,-5.09%,-5.09%
2025-11-14,688322,奥比中光-W,Spring,89,6.27%,8.54%,9.65%,21.58%,8.85%,8.85%
2025-11-21,600104,上汽集团,ST,100,1.84%,5.10%,6.87%,3.95%,6.07%,6.07%
2025-11-21,603501,豪威集团,Spring,94,3.42%,3.86%,7.67%,11.66%,6.87%,6.87%
2025-11-21,603501,豪威集团,ST,94,3.42%,3.86%,7.67%,11.66%,6.87%,6.87%
2025-11-21,002594,比亚迪,Spring,90,2.66%,3.54%,1.65%,2.20%,0.85%,0.85%
2025-11-21,600850,电科数字,Spring,39,3.78%,2.35%,15.64%,15.09%,14.84%,14.84%
2025-11-21,600276,恒瑞医药,Spring,97,4.34%,3.56%,2.27%,1.68%,1.47%,1.47%
2025-11-21,301098,金埔园林,Shakeout,75,6.05%,7.08%,-0.91%,5.48%,-1.71%,-1.71%
2025-11-24,000001,上证指数,Spring,82,2.01%,2.28%,2.10%,7.30%,1.30%,1.30%
2025-11-24,510300,沪深300ETF华泰柏瑞,Spring,91,2.85%,3.84%,3.80%,3.80%,3.00%,3.00%
2025-11-24,510300,沪深300ETF华泰柏瑞,Spring,97,1.89%,2.82%,4.45%,4.03%,3.65%,3.65%
2025-11-24,000725,京东方Ａ,Spring,87,2.09%,10.21%,5.76%,16.75%,4.96%,4.96%
2025-11-24,601688,华泰证券,Spring,78,2.49%,8.52%,11.49%,10.57%,10.69%,10.69%
2025-11-24,002117,东港股份,LPS,63,2.47%,7.58%,7.58%,-2.39%,6.78%,6.78%
2025-11-24,002416,爱施德,LPS,49,5.36%,1.36%,1.96%,16.09%,1.16%,1.16%
2025-11-25,600036,招商银行,LPS,58,0.30%,-0.49%,-3.10%,-10.22%,-3.90%,-3.90%
2025-11-27,601816,京沪高铁,Spring,78,3.16%,1.18%,2.37%,-2.56%,1.57%,1.57%
2025-11-27,000703,恒逸石化,LPS,48,17.93%,19.37%,39.31%,66.14%,38.51%,38.51%
2025-11-27,600028,中国石化,LPS,64,2.75%,0.17%,0.69%,9.81%,-0.11%,-0.11%
2025-11-28,600406,国电南瑞,Spring,44,2.44%,4.78%,2.75%,14.53%,1.95%,1.95%
2025-12-01,300059,东方财富,SC,52,2.38%,-1.04%,1.13%,-1.34%,0.33%,0.33%
2025-12-03,603259,药明康德,Spring,93,5.85%,3.39%,3.45%,8.65%,2.65%,2.65%
2025-12-03,600436,片仔癀,ST,94,0.99%,-0.12%,-1.57%,-6.46%,-2.37%,-2.37%
2025-12-03,600862,中航高科,Spring,94,2.90%,2.42%,14.38%,16.70%,13.58%,13.58%
2025-12-03,600862,中航高科,ST,94,2.90%,2.42%,14.38%,16.70%,13.58%,13.58%
2025-12-04,300347,泰格医药,Spring,75,0.63%,2.93%,21.05%,23.18%,20.25%,20.25%
2025-12-04,600030,中信证券,Spring,76,4.01%,4.89%,7.83%,2.43%,7.03%,7.03%
2025-12-05,300333,兆日科技,Spring,99,-1.09%,0.64%,6.56%,-1.27%,5.76%,5.76%
2025-12-05,300333,兆日科技,Shakeout,98,-1.09%,0.64%,6.56%,-1.27%,5.76%,5.76%
2025-12-10,600519,贵州茅台,Spring,88,2.16%,1.56%,2.88%,9.84%,2.08%,2.08%
2025-12-10,600893,航发动力,Spring,92,-0.57%,5.03%,18.93%,31.16%,18.13%,18.13%
2025-12-12,603019,中科曙光,SC,92,-3.49%,-3.53%,2.87%,2.61%,2.07%,2.07%
2025-12-12,600760,中航沈飞,SC,80,3.17%,5.59%,11.88%,4.57%,11.08%,11.08%
2025-12-12,688111,金山办公,Spring,77,-1.40%,-2.00%,20.75%,2.01%,19.95%,19.95%
2025-12-12,603288,海天味业,Spring,61,3.54%,2.55%,4.63%,1.16%,3.83%,3.83%
2025-12-12,603120,肯特催化,Spring,92,2.97%,0.70%,2.52%,14.03%,1.72%,1.72%
2025-12-12,002415,海康威视,SC,52,-1.49%,0.64%,4.18%,10.90%,3.38%,3.38%
2025-12-16,002648,卫星化学,Spring,77,3.81%,8.67%,16.66%,40.93%,15.86%,15.86%
2025-12-16,603019,中科曙光,Spring,92,5.97%,3.23%,12.56%,11.45%,11.76%,11.76%
2025-12-16,002415,海康威视,Spring,86,1.57%,4.04%,9.06%,13.25%,8.26%,8.26%
2025-12-16,600760,中航沈飞,Spring,80,0.20%,4.73%,13.51%,2.04%,12.71%,12.71%
2025-12-16,601012,隆基绿能,Spring,48,3.21%,5.61%,5.96%,5.90%,5.16%,5.16%
2025-12-16,688716,中研股份,Spring,98,9.54%,20.43%,17.11%,9.45%,16.31%,16.31%
2025-12-16,600276,恒瑞医药,Spring,99,4.48%,1.74%,6.80%,-0.69%,6.00%,6.00%
2025-12-16,600893,航发动力,SC,56,3.57%,8.09%,11.66%,40.61%,10.86%,10.86%
2025-12-16,600276,恒瑞医药,Shakeout,96,4.48%,1.74%,6.80%,-0.69%,6.00%,6.00%
2025-12-17,600585,海螺水泥,Spring,72,1.22%,-0.91%,0.41%,11.79%,-0.39%,-0.39%
2025-12-17,300009,安科生物,Spring,69,1.65%,-1.03%,6.93%,1.45%,6.13%,6.13%
2025-12-17,300864,南大环境,Spring,43,3.74%,2.55%,8.37%,17.06%,7.57%,7.57%
2025-12-17,002821,凯莱英,ST,78,3.80%,1.24%,16.93%,9.58%,16.13%,16.13%
2025-12-17,600036,招商银行,Spring,81,0.75%,1.40%,-4.33%,-4.35%,-5.13%,-5.13%
2025-12-17,301166,优宁维,Spring,24,3.24%,2.24%,11.06%,14.98%,10.26%,10.26%
2025-12-17,301098,金埔园林,Spring,76,4.33%,3.25%,6.62%,17.57%,5.82%,5.82%
2025-12-19,002117,东港股份,LPS,54,3.71%,-4.48%,-8.11%,-9.11%,-8.91%,-8.91%
2025-12-24,000725,京东方Ａ,LPS,55,3.69%,8.62%,9.61%,10.59%,8.81%,8.81%
2025-12-29,002230,科大讯飞,SC,52,8.16%,27.78%,16.93%,6.47%,16.13%,16.13%
2025-12-30,001979,招商蛇口,Spring,74,6.20%,9.12%,27.25%,13.45%,26.45%,26.45%
2025-12-31,000858,五 粮 液,Spring,75,1.13%,-0.74%,-0.89%,-4.17%,-1.69%,-1.69%
2026-01-12,300750,宁德时代,SC,75,-3.53%,-5.43%,1.97%,11.98%,1.17%,1.17%
2026-01-14,600809,山西汾酒,SC,66,-4.84%,-8.09%,-3.32%,-11.02%,-4.12%,-4.12%
2026-01-16,600436,片仔癀,SC,68,-3.82%,-4.92%,-0.69%,-9.86%,-1.49%,-1.49%
2026-01-19,600030,中信证券,LPS,52,0.57%,-0.18%,0.03%,-11.81%,-0.77%,-0.77%
2026-01-19,600893,航发动力,Shakeout,5,3.05%,1.46%,30.74%,7.44%,29.94%,29.94%
2026-01-20,510300,沪深300ETF华泰柏瑞,SC,69,0.28%,0.21%,-2.04%,1.31%,-2.84%,-2.84%
2026-01-21,300009,安科生物,LPS,43,1.37%,-2.15%,-2.44%,-13.85%,-3.24%,-3.24%
2026-01-21,688111,金山办公,LPS,43,3.84%,-5.77%,-9.72%,-28.01%,-10.52%,-10.52%
2026-01-26,000568,泸州老窖,SC,97,9.71%,9.07%,-3.33%,-5.86%,-4.13%,-4.13%
2026-01-26,000568,泸州老窖,Spring,97,9.71%,9.07%,-3.33%,-5.86%,-4.13%,-4.13%
2026-01-26,603288,海天味业,SC,57,-0.31%,4.98%,1.87%,15.83%,1.07%,1.07%
2026-01-26,600519,贵州茅台,SC,71,6.33%,13.63%,6.27%,8.05%,5.47%,5.47%
2026-01-26,000858,五 粮 液,SC,68,4.84%,4.91%,0.21%,0.91%,-0.59%,-0.59%
2026-01-28,300750,宁德时代,Spring,83,7.36%,8.24%,3.02%,17.99%,2.22%,2.22%
2026-01-28,600809,山西汾酒,Spring,85,11.96%,5.19%,-3.32%,-10.68%,-4.12%,-4.12%
2026-01-28,002714,牧原股份,Spring,88,3.81%,1.97%,3.68%,-3.30%,2.88%,2.88%
2026-01-28,600519,贵州茅台,Spring,97,15.21%,13.65%,5.69%,10.29%,4.89%,4.89%
2026-01-28,600519,贵州茅台,Shakeout,90,15.21%,13.65%,5.69%,10.29%,4.89%,4.89%
2026-01-28,002714,牧原股份,SC,52,3.81%,1.97%,3.68%,-3.30%,2.88%,2.88%
2026-01-29,000001,平安银行,SC,73,1.19%,0.00%,-1.28%,1.46%,-2.08%,-2.08%
2026-01-29,600741,华域汽车,SC,82,0.84%,1.10%,-0.63%,4.20%,-1.43%,-1.43%
2026-01-29,601166,兴业银行,SC,74,2.59%,1.37%,0.99%,1.91%,0.19%,0.19%
2026-01-29,600436,片仔癀,Spring,97,2.18%,-0.51%,-5.08%,-9.45%,-5.88%,-5.88%
2026-01-29,603288,海天味业,Spring,97,4.29%,-0.48%,2.51%,15.45%,1.71%,1.71%
2026-01-29,000858,五 粮 液,Spring,83,-1.70%,-5.55%,-7.56%,-6.57%,-8.36%,-8.36%
2026-01-29,600276,恒瑞医药,Spring,99,0.09%,1.08%,-4.39%,-2.98%,-5.19%,-5.19%
2026-01-29,600276,恒瑞医药,Shakeout,98,0.09%,1.08%,-4.39%,-2.98%,-5.19%,-5.19%
2026-01-29,600900,长江电力,SC,59,2.19%,1.15%,5.10%,3.39%,4.30%,4.30%
2026-01-29,600900,长江电力,Spring,99,2.19%,1.15%,5.10%,3.39%,4.30%,4.30%
2026-01-29,000001,平安银行,Shakeout,87,1.19%,0.00%,-1.28%,1.46%,-2.08%,-2.08%
2026-01-30,600406,国电南瑞,LPS,47,0.04%,3.69%,25.08%,1.35%,24.28%,24.28%
2026-01-30,600862,中航高科,LPS,44,4.89%,11.65%,8.30%,-13.89%,7.50%,7.50%
2026-01-30,603903,中持股份,Spring,91,0.65%,1.22%,0.08%,-8.11%,-0.72%,-0.72%
2026-02-02,600760,中航沈飞,ST,94,2.90%,4.87%,1.35%,-8.73%,0.55%,0.55%
2026-02-02,002416,爱施德,LPS,46,7.45%,7.93%,6.03%,5.23%,5.23%,5.23%
2026-02-02,002821,凯莱英,LPS,46,8.15%,4.25%,6.28%,24.56%,5.48%,5.48%
2026-02-02,600760,中航沈飞,LPS,94,2.90%,4.87%,1.35%,-8.73%,0.55%,0.55%
2026-02-02,601012,隆基绿能,LPS,53,8.73%,3.63%,5.22%,-1.81%,4.42%,4.42%
2026-02-03,510300,沪深300ETF华泰柏瑞,Spring,94,1.26%,2.34%,3.42%,1.86%,2.62%,2.62%
2026-02-03,510300,沪深300ETF华泰柏瑞,ST,94,1.26%,2.34%,3.42%,1.86%,2.62%,2.62%
2026-02-03,601816,京沪高铁,Spring,75,3.51%,1.45%,4.96%,3.10%,4.16%,4.16%
2026-02-03,002594,比亚迪,Spring,82,3.94%,4.67%,13.56%,13.35%,12.76%,12.76%
2026-02-03,601688,华泰证券,SC,95,3.86%,-0.14%,-8.41%,-17.64%,-9.21%,-9.21%
2026-02-03,000001,上证指数,LPS,52,1.49%,1.95%,1.62%,-2.50%,0.82%,0.82%
2026-02-03,510300,沪深300ETF华泰柏瑞,LPS,40,1.48%,1.84%,1.01%,-1.97%,0.21%,0.21%
2026-02-03,603259,药明康德,LPS,48,7.14%,5.55%,-1.81%,12.25%,-2.61%,-2.61%
2026-02-03,002415,海康威视,LPS,56,3.14%,0.22%,-0.66%,-3.45%,-1.46%,-1.46%
2026-02-03,601688,华泰证券,Shakeout,95,3.86%,-0.14%,-8.41%,-17.64%,-9.21%,-9.21%
2026-02-03,002956,西麦食品,Shakeout,65,2.87%,-0.29%,-4.83%,6.25%,-5.63%,-5.63%
2026-02-05,603019,中科曙光,ST,94,7.87%,7.94%,4.33%,4.20%,3.53%,3.53%
2026-02-06,002466,天齐锂业,Spring,84,2.07%,9.92%,6.73%,28.55%,5.93%,5.93%
2026-02-06,002648,卫星化学,LPS,57,-2.20%,8.62%,18.78%,31.84%,17.98%,17.98%
2026-02-06,603501,豪威集团,LPS,49,-0.11%,2.57%,-4.87%,-18.36%,-5.67%,-5.67%
2026-02-06,002230,科大讯飞,LPS,43,4.21%,-0.89%,-4.89%,-11.82%,-5.69%,-5.69%
2026-02-06,688716,中研股份,Spring,92,2.68%,0.52%,-4.80%,-13.75%,-5.60%,-5.60%
2026-02-06,600850,电科数字,Spring,21,2.42%,2.20%,-6.60%,-25.50%,-7.40%,-7.40%
2026-02-24,600585,海螺水泥,LPS,96,1.28%,-0.80%,-6.90%,-12.52%,-7.70%,-7.70%
2026-02-24,002714,牧原股份,ST,85,4.42%,8.46%,-2.38%,0.36%,-3.18%,-3.18%
2026-02-26,600900,长江电力,ST,95,3.99%,5.61%,4.88%,2.96%,4.08%,4.08%
2026-03-02,603288,海天味业,ST,78,4.66%,8.02%,13.16%,10.13%,12.36%,12.36%
2026-03-03,002821,凯莱英,Spring,93,9.51%,6.70%,19.75%,37.08%,18.95%,18.95%
2026-03-04,000001,平安银行,ST,95,1.68%,2.33%,4.11%,7.28%,3.31%,3.31%
2026-03-04,300750,宁德时代,ST,87,17.08%,18.62%,19.71%,30.67%,18.91%,18.91%
2026-03-04,000568,泸州老窖,Spring,86,1.12%,3.10%,2.53%,-3.42%,1.73%,1.73%
2026-03-04,601166,兴业银行,ST,88,3.14%,4.47%,4.24%,-1.16%,3.44%,3.44%
2026-03-04,600436,片仔癀,ST,44,0.77%,1.19%,-2.20%,-8.24%,-3.00%,-3.00%
2026-03-04,603019,中科曙光,Spring,84,6.95%,6.27%,-2.36%,12.91%,-3.16%,-3.16%
2026-03-04,002415,海康威视,Spring,82,4.59%,6.31%,1.52%,19.93%,0.72%,0.72%
2026-03-04,300864,南大环境,LPS,45,0.85%,-2.11%,-7.86%,0.04%,-8.66%,-8.66%
2026-03-04,000858,五 粮 液,ST,94,1.15%,2.67%,3.34%,-3.90%,2.54%,2.54%
2026-03-04,600276,恒瑞医药,Spring,95,5.38%,7.36%,8.97%,1.70%,8.17%,8.17%
2026-03-04,600104,上汽集团,Spring,93,4.00%,4.80%,7.86%,0.29%,7.06%,7.06%
2026-03-04,002956,西麦食品,Spring,81,3.93%,8.81%,4.76%,31.55%,3.96%,3.96%
2026-03-04,301098,金埔园林,Spring,76,6.66%,4.40%,-2.48%,6.66%,-3.28%,-3.28%
2026-03-06,600809,山西汾酒,Spring,88,-0.90%,-4.26%,-11.83%,-10.55%,-12.63%,-12.63%
2026-03-06,600809,山西汾酒,ST,88,-0.90%,-4.26%,-11.83%,-10.55%,-12.63%,-12.63%
2026-03-09,399006,创业板指,Spring,85,4.63%,0.83%,-1.49%,18.31%,-2.29%,-2.29%
2026-03-09,002416,爱施德,SC,81,5.09%,-7.37%,0.55%,9.33%,-0.25%,-0.25%
2026-03-09,600741,华域汽车,ST,94,2.78%,-3.38%,8.71%,-0.27%,7.91%,7.91%
2026-03-09,600519,贵州茅台,LPS,45,4.52%,0.79%,3.08%,-1.72%,2.28%,2.28%
2026-03-16,601899,紫金矿业,SC,53,-12.00%,-5.67%,0.14%,-8.37%,-0.66%,-5.40%
2026-03-16,603799,华友钴业,SC,56,-12.28%,-5.79%,1.42%,-7.52%,0.62%,-5.40%
2026-03-19,510300,沪深300ETF华泰柏瑞,SC,58,-3.18%,-2.37%,-2.35%,3.09%,-3.15%,-3.15%
2026-03-19,000703,恒逸石化,Spring,95,19.34%,20.66%,43.22%,39.05%,42.42%,42.42%
2026-03-23,000001,平安银行,Spring,100,5.17%,5.55%,6.03%,2.20%,5.23%,5.23%
2026-03-23,000001,上证指数,Spring,97,2.88%,2.02%,7.13%,7.86%,6.33%,6.33%
2026-03-23,002416,爱施德,Spring,97,11.08%,8.54%,12.52%,1.44%,11.72%,11.72%
2026-03-23,300009,安科生物,Spring,97,8.54%,13.74%,12.59%,-5.43%,11.79%,11.79%
2026-03-23,603259,药明康德,Spring,91,10.05%,15.39%,12.26%,18.44%,11.46%,11.46%
2026-03-23,300347,泰格医药,Spring,65,10.81%,16.60%,20.28%,-10.98%,19.48%,19.48%
2026-03-23,000725,京东方Ａ,Spring,97,1.81%,1.03%,9.04%,33.33%,8.24%,8.24%
2026-03-23,300347,泰格医药,Shakeout,65,10.81%,16.60%,20.28%,-10.98%,19.48%,19.48%
2026-03-23,603288,海天味业,Shakeout,92,11.16%,14.44%,12.01%,-2.76%,11.21%,11.21%
2026-03-23,601816,京沪高铁,Shakeout,95,3.89%,2.87%,2.66%,-0.41%,1.86%,1.86%
2026-03-23,000852,中证1000,Spring,97,4.84%,2.66%,12.71%,17.32%,11.91%,11.91%
2026-03-23,603903,中持股份,Spring,99,10.29%,5.99%,9.73%,19.36%,8.93%,8.93%
2026-03-23,301166,优宁维,Spring,88,5.07%,5.14%,4.39%,3.60%,3.59%,3.59%
2026-03-23,301166,优宁维,Shakeout,41,5.07%,5.14%,4.39%,3.60%,3.59%,3.59%
2026-03-24,600732,爱旭股份,Spring,94,-9.09%,-6.23%,2.47%,-17.33%,1.67%,-5.40%
2026-03-24,002466,天齐锂业,Spring,81,7.46%,12.86%,36.99%,29.13%,36.19%,36.19%
2026-03-24,510300,沪深300ETF华泰柏瑞,Spring,85,-0.36%,2.75%,7.41%,10.23%,6.61%,6.61%
2026-03-24,002714,牧原股份,SC,76,-4.11%,1.93%,2.80%,-11.63%,2.00%,2.00%
2026-03-24,002648,卫星化学,LPS,53,6.15%,7.07%,1.69%,-7.57%,0.89%,0.89%
2026-03-24,000688,科创50,Spring,95,-2.67%,4.80%,12.42%,46.89%,11.62%,11.62%
2026-03-27,000538,云南白药,Spring,78,3.79%,0.61%,-0.20%,-7.58%,-1.00%,-1.00%
2026-03-27,600276,恒瑞医药,Spring,99,2.17%,0.04%,0.36%,-12.66%,-0.44%,-0.44%
2026-03-30,600741,华域汽车,Spring,89,11.69%,14.88%,10.18%,-6.54%,9.38%,9.38%
2026-03-31,002714,牧原股份,Spring,92,6.31%,10.41%,6.98%,-8.33%,6.18%,6.18%
2026-04-03,603019,中科曙光,Spring,78,14.25%,18.08%,26.78%,8.83%,25.98%,25.98%
2026-04-07,688981,中芯国际,Spring,89,6.17%,12.38%,25.82%,33.24%,25.02%,25.02%
2026-04-07,510300,沪深300ETF华泰柏瑞,ST,92,4.05%,5.96%,7.42%,9.92%,6.62%,6.62%
2026-04-07,300124,汇川技术,Spring,99,6.73%,1.99%,15.83%,16.72%,15.03%,15.03%
2026-04-07,300059,东方财富,Spring,94,9.21%,8.61%,11.61%,0.88%,10.81%,10.81%
2026-04-07,300059,东方财富,ST,94,9.21%,8.61%,11.61%,0.88%,10.81%,10.81%
2026-04-07,600030,中信证券,Spring,89,9.49%,9.95%,12.67%,7.32%,11.87%,11.87%
2026-04-07,600030,中信证券,ST,89,9.49%,9.95%,12.67%,7.32%,11.87%,11.87%
2026-04-07,601012,隆基绿能,Spring,41,5.09%,5.33%,-2.04%,-21.38%,-2.84%,-2.84%
2026-04-07,601688,华泰证券,ST,94,7.62%,7.79%,8.64%,7.16%,7.84%,7.84%
2026-04-07,300750,宁德时代,LPS,54,12.01%,16.38%,15.41%,6.43%,14.61%,14.61%
2026-04-07,600406,国电南瑞,LPS,43,2.47%,5.83%,2.11%,-8.18%,1.31%,1.31%
2026-04-07,002594,比亚迪,LPS,43,5.96%,3.62%,2.08%,-5.07%,1.28%,1.28%
2026-04-14,601816,京沪高铁,LPS,44,1.62%,-0.41%,0.61%,1.42%,-0.19%,-0.19%
2026-04-14,002956,西麦食品,Shakeout,73,2.74%,9.24%,12.31%,15.86%,11.51%,11.51%
2026-04-16,600585,海螺水泥,SC,66,-2.70%,-5.03%,-10.16%,-18.07%,-10.96%,-10.96%
2026-04-20,600436,片仔癀,SC,58,-3.29%,-2.68%,-13.08%,-22.19%,-13.88%,-13.88%
2026-04-23,600028,中国石化,SC,62,-1.10%,-4.59%,-10.64%,-12.52%,-11.44%,-11.44%
2026-04-23,300332,天壕能源,Spring,92,2.68%,-2.50%,-7.14%,-24.64%,-7.94%,-7.94%
2026-04-24,000001,平安银行,LPS,82,3.27%,1.27%,-2.18%,-2.16%,-2.98%,-2.98%
2026-04-24,000703,恒逸石化,LPS,59,21.78%,2.27%,-12.22%,4.10%,-13.02%,-13.02%
2026-04-28,300124,汇川技术,SC,97,22.23%,26.01%,20.53%,7.01%,19.73%,19.73%
2026-04-28,600862,中航高科,SC,97,7.82%,1.73%,-9.50%,-10.14%,-10.30%,-10.30%
2026-04-28,600862,中航高科,Spring,97,7.82%,1.73%,-9.50%,-10.14%,-10.30%,-10.30%
2026-04-28,002714,牧原股份,ST,77,0.48%,-1.85%,-11.11%,-15.97%,-11.91%,-11.91%
2026-04-29,601012,隆基绿能,SC,97,0.36%,-8.52%,-17.34%,-20.73%,-18.14%,-18.14%
2026-04-29,601012,隆基绿能,Spring,97,0.36%,-8.52%,-17.34%,-20.73%,-18.14%,-18.14%
2026-04-29,000858,五 粮 液,SC,74,-6.64%,-12.99%,-15.18%,-24.75%,-15.98%,-5.40%
2026-04-29,688716,中研股份,SC,54,15.50%,21.02%,3.04%,-0.81%,2.24%,2.24%
2026-04-29,601899,紫金矿业,ST,71,0.38%,-8.32%,-11.57%,-25.27%,-12.37%,-12.37%
2026-04-30,601166,兴业银行,SC,63,-1.00%,-2.40%,3.79%,-4.31%,2.99%,2.99%
2026-04-30,600850,电科数字,Spring,95,0.88%,16.39%,31.39%,-6.06%,30.59%,30.59%
2026-05-06,605599,菜百股份,SC,74,-10.30%,-15.69%,-19.80%,-23.80%,-20.60%,-5.40%
2026-05-06,000568,泸州老窖,SC,79,-5.73%,-6.23%,-10.96%,-21.52%,-11.76%,-5.40%
2026-05-06,600036,招商银行,SC,65,-0.32%,-2.18%,1.32%,-3.68%,0.52%,0.52%
2026-05-13,601628,中国人寿,SC,78,-5.32%,-8.28%,-5.07%,3.68%,-5.87%,-5.40%
2026-05-13,300347,泰格医药,SC,85,-8.56%,-19.13%,-21.04%,-11.24%,-21.84%,-5.40%
2026-05-19,510300,沪深300ETF华泰柏瑞,LPS,72,2.12%,1.38%,0.84%,-0.64%,0.04%,0.04%
2026-05-21,601166,兴业银行,Spring,78,3.45%,5.30%,2.44%,4.99%,1.64%,1.64%
2026-05-22,601899,紫金矿业,Spring,95,-1.68%,-4.30%,-1.68%,-3.79%,-2.48%,-2.48%
2026-05-26,600585,海螺水泥,ST,41,3.23%,-2.56%,-11.49%,-5.11%,-12.29%,-12.29%
2026-05-26,002956,西麦食品,Shakeout,63,1.63%,-2.09%,0.14%,-21.92%,-0.66%,-0.66%
2026-05-27,600809,山西汾酒,SC,75,-3.97%,-7.63%,-14.37%,-4.37%,-15.17%,-15.17%
2026-05-27,600036,招商银行,Spring,77,4.05%,5.14%,-2.08%,8.05%,-2.88%,-2.88%
2026-05-27,000538,云南白药,ST,93,-1.17%,0.82%,-5.19%,3.96%,-5.99%,-5.99%
2026-05-28,600104,上汽集团,Spring,41,1.25%,1.50%,2.16%,-1.42%,1.36%,1.36%
2026-05-28,688111,金山办公,Spring,78,0.54%,-11.35%,-15.38%,-3.44%,-16.18%,-16.18%
2026-05-28,601688,华泰证券,Spring,79,5.93%,6.93%,13.14%,13.08%,12.34%,12.34%
2026-05-28,600030,中信证券,LPS,52,0.95%,2.27%,11.21%,12.06%,10.41%,10.41%
2026-05-29,000001,平安银行,Spring,82,0.46%,6.22%,-3.23%,4.99%,-4.03%,-4.03%
2026-05-29,000001,平安银行,Shakeout,82,0.46%,6.22%,-3.23%,4.99%,-4.03%,-4.03%
2026-06-01,603903,中持股份,Spring,93,3.55%,5.19%,16.70%,-3.03%,15.90%,15.90%
2026-06-04,601628,中国人寿,Spring,94,5.66%,3.72%,18.99%,23.67%,18.19%,18.19%
2026-06-04,601628,中国人寿,ST,94,5.66%,3.72%,18.99%,23.67%,18.19%,18.19%
2026-06-05,688716,中研股份,Spring,95,-2.60%,0.85%,11.66%,-16.26%,10.86%,10.86%
2026-06-05,688716,中研股份,Shakeout,29,-2.60%,0.85%,11.66%,-16.26%,10.86%,10.86%
2026-06-08,510300,沪深300ETF华泰柏瑞,Spring,87,-0.17%,3.71%,4.22%,1.77%,3.42%,3.42%
2026-06-08,000001,上证指数,LPS,40,3.46%,3.71%,0.78%,-3.46%,-0.02%,-0.02%
2026-06-08,603019,中科曙光,LPS,43,8.84%,10.89%,19.09%,8.97%,18.29%,18.29%
2026-06-09,600732,爱旭股份,Spring,79,18.60%,16.77%,7.57%,14.22%,6.77%,6.77%
2026-06-09,600104,上汽集团,SC,79,-1.75%,-3.23%,-6.03%,-6.12%,-6.83%,-6.83%
2026-06-09,001979,招商蛇口,SC,70,-8.25%,-18.20%,-21.48%,-15.89%,-22.28%,-5.40%
2026-06-09,603259,药明康德,SC,76,5.01%,23.45%,23.45%,57.79%,22.65%,22.65%
2026-06-09,603259,药明康德,Spring,76,5.01%,23.45%,23.45%,57.79%,22.65%,22.65%
2026-06-09,300347,泰格医药,Spring,80,6.35%,17.21%,16.51%,37.56%,15.71%,15.71%
2026-06-09,002821,凯莱英,Spring,75,0.62%,27.11%,35.41%,47.95%,34.61%,34.61%
2026-06-09,600760,中航沈飞,ST,89,3.26%,-1.26%,-3.23%,3.35%,-4.03%,-4.03%
2026-06-09,601012,隆基绿能,ST,93,2.78%,-3.79%,-9.27%,0.23%,-10.07%,-10.07%
2026-06-09,600276,恒瑞医药,Spring,93,2.09%,8.34%,16.45%,15.44%,15.65%,15.65%
2026-06-10,600104,上汽集团,SC,53,-4.78%,-9.29%,-10.64%,-2.89%,-11.44%,-11.44%
2026-06-11,600104,上汽集团,SC,76,-3.77%,-10.49%,-6.90%,-1.45%,-7.70%,-7.70%
2026-06-11,300750,宁德时代,Spring,81,2.45%,-0.31%,-8.75%,1.54%,-9.55%,-9.55%
2026-06-11,002416,爱施德,ST,82,4.09%,-11.68%,-13.73%,-6.62%,-14.53%,-14.53%
2026-06-11,600104,上汽集团,SC,59,1.30%,1.21%,-0.09%,-2.33%,-0.89%,-0.89%
2026-06-11,600862,中航高科,Spring,90,10.07%,2.70%,15.80%,7.42%,15.00%,15.00%
2026-06-11,600862,中航高科,ST,90,10.07%,2.70%,15.80%,7.42%,15.00%,15.00%
2026-06-11,300059,东方财富,Spring,87,7.14%,15.61%,16.30%,15.09%,15.50%,15.50%
2026-06-11,600850,电科数字,Spring,25,7.28%,-3.55%,2.75%,2.28%,1.95%,1.95%
2026-06-12,000725,京东方Ａ,LPS,44,25.46%,43.93%,23.65%,6.63%,22.85%,22.85%
2026-06-15,002648,卫星化学,SC,63,8.21%,0.95%,1.72%,11.52%,0.92%,0.92%
2026-06-16,301098,金埔园林,Spring,73,7.50%,1.67%,-7.26%,5.71%,-8.06%,-8.06%
2026-06-22,600585,海螺水泥,SC,75,-3.70%,-0.17%,3.43%,0.82%,2.63%,2.63%
2026-06-22,300009,安科生物,Spring,88,3.26%,9.39%,8.61%,14.99%,7.81%,7.81%
2026-06-22,002594,比亚迪,SC,66,-9.08%,-0.06%,7.23%,3.00%,6.43%,-5.40%
2026-06-22,002648,卫星化学,Spring,83,5.85%,7.91%,6.51%,12.71%,5.71%,5.71%
2026-06-22,603288,海天味业,Spring,85,3.15%,4.00%,11.99%,7.20%,11.19%,11.19%
2026-06-22,000703,恒逸石化,Spring,65,16.64%,18.04%,17.50%,31.10%,16.70%,16.70%
2026-06-25,002714,牧原股份,Spring,60,15.42%,14.68%,22.68%,23.05%,21.88%,21.88%
2026-06-25,002714,牧原股份,ST,63,15.42%,14.68%,22.68%,23.05%,21.88%,21.88%
2026-06-26,688111,金山办公,Spring,87,6.27%,17.54%,14.11%,20.93%,13.31%,13.31%
2026-06-26,600760,中航沈飞,Spring,97,2.56%,-0.59%,6.68%,8.52%,5.88%,5.88%
2026-06-29,605599,菜百股份,Spring,94,4.81%,1.00%,8.76%,22.76%,7.96%,7.96%
2026-06-29,605599,菜百股份,ST,94,4.81%,1.00%,8.76%,22.76%,7.96%,7.96%
2026-06-29,600104,上汽集团,SC,44,3.25%,1.05%,3.14%,6.50%,2.34%,2.34%
2026-06-29,601816,京沪高铁,Spring,82,0.87%,1.52%,8.24%,8.54%,7.44%,7.44%
2026-06-29,002594,比亚迪,Spring,94,9.92%,9.22%,16.02%,14.26%,15.22%,15.22%
2026-06-29,603501,豪威集团,Spring,71,9.85%,16.07%,7.94%,-6.57%,7.14%,7.14%
2026-06-29,300864,南大环境,Spring,41,2.38%,-0.21%,-7.70%,32.83%,-8.50%,-8.50%
2026-06-29,601166,兴业银行,Spring,94,1.36%,3.50%,8.41%,8.29%,7.61%,7.61%
2026-06-29,601166,兴业银行,ST,94,1.36%,3.50%,8.41%,8.29%,7.61%,7.61%
2026-06-29,600436,片仔癀,Spring,97,1.39%,10.77%,18.44%,10.42%,17.64%,17.64%
2026-06-29,300124,汇川技术,ST,89,4.75%,-6.56%,-8.82%,-10.62%,-9.62%,-9.62%
2026-06-29,000538,云南白药,Spring,85,1.55%,2.51%,5.34%,2.00%,4.54%,4.54%
2026-06-29,300760,迈瑞医疗,Spring,97,2.26%,1.59%,8.05%,15.41%,7.25%,7.25%
2026-06-29,002230,科大讯飞,Spring,73,3.02%,6.43%,0.92%,-1.11%,0.12%,0.12%
2026-06-29,600519,贵州茅台,Spring,93,1.00%,1.34%,7.91%,9.18%,7.11%,7.11%
2026-06-29,600028,中国石化,Spring,91,4.56%,5.86%,11.71%,15.62%,10.91%,10.91%
2026-06-29,600028,中国石化,ST,91,4.56%,5.86%,11.71%,15.62%,10.91%,10.91%
2026-06-29,601318,中国平安,Spring,94,3.09%,1.91%,9.90%,13.00%,9.10%,9.10%
2026-06-29,600893,航发动力,Spring,95,3.81%,-11.13%,-5.71%,-1.82%,-6.51%,-6.51%
2026-06-29,000858,五 粮 液,SC,55,-0.32%,-1.59%,3.35%,-0.03%,2.55%,2.55%
2026-06-30,600104,上汽集团,ST,88,1.24%,2.07%,2.90%,4.36%,2.10%,2.10%
2026-07-01,000001,平安银行,Spring,77,4.33%,6.69%,11.02%,15.45%,10.22%,10.22%
2026-07-01,000001,平安银行,ST,78,4.33%,6.69%,11.02%,15.45%,10.22%,10.22%
2026-07-01,600036,招商银行,Spring,94,5.65%,8.04%,13.47%,13.87%,12.67%,12.67%
2026-07-01,600036,招商银行,ST,94,5.65%,8.04%,13.47%,13.87%,12.67%,12.67%
2026-07-01,600741,华域汽车,Spring,93,3.22%,7.29%,13.47%,5.59%,12.67%,12.67%
2026-07-01,600741,华域汽车,ST,93,3.22%,7.29%,13.47%,5.59%,12.67%,12.67%
2026-07-01,600887,伊利股份,Spring,71,3.74%,6.66%,12.34%,7.36%,11.54%,11.54%
2026-07-01,601899,紫金矿业,Spring,93,8.96%,14.81%,28.04%,38.98%,27.24%,27.24%
2026-07-02,002956,西麦食品,SC,56,1.03%,-13.14%,-13.83%,-16.72%,-14.63%,-14.63%
2026-07-02,002956,西麦食品,Spring,91,1.03%,-13.14%,-13.83%,-16.72%,-14.63%,-14.63%
2026-07-13,510300,沪深300ETF华泰柏瑞,SC,64,1.10%,-1.98%,0.19%,0.32%,-0.61%,-0.61%
2026-07-17,510300,沪深300ETF华泰柏瑞,Spring,65,5.08%,2.44%,1.39%,2.99%,0.59%,0.59%
2026-07-30,510300,沪深300ETF华泰柏瑞,ST,92,0.83%,2.26%,2.69%,1.87%,1.89%,1.89%
2026-08-14,600104,上汽集团,SC,80,-0.59%,-1.47%,-1.38%,-0.98%,-2.18%,-2.18%
