symbol,type,conf,strategy,buy_px,sell_px,ret,reason,bars,close
sh605365,Spring,100,paper_discipline_bull,14.309,16.905,0.1802,条件单:take_profit,3,2026-10-08 07:31:22
sh605588,Spring,95,paper_discipline_bull,63.944,59.558,-0.0695,条件单:stop_loss,0,2026-10-08 07:31:22
sh605389,Spring,100,paper_discipline_bull,19.809,19.092,-0.0372,空头信号卖出,11,2026-10-08 07:31:22
sh605266,ST,100,paper_discipline_bull,37.8,35.662,-0.0575,条件单:stop_loss,12,2026-10-08 07:31:22
sh605286,ST,100,paper_discipline_bull,24.027,22.677,-0.0571,条件单:stop_loss,12,2026-10-08 07:31:22
sh605566,Spring,100,paper_discipline_bull,22.298,22.863,0.0243,到期,20,2026-10-08 07:31:22
sh605488,Spring,100,paper_discipline_bull,10.681,10.722,0.0028,到期,20,2026-10-08 07:31:22
sh605365,Spring,99,paper_discipline_bull,16.704,19.484,0.1652,条件单:take_profit,3,2026-10-08 07:31:22
sh605186,Spring,94,paper_discipline_bull,40.178,37.425,-0.0695,条件单:stop_loss,4,2026-10-08 07:31:22
sh605365,Spring,99,paper_discipline_bull,18.799,20.243,0.0757,空头信号卖出,6,2026-10-08 07:31:22
sh605377,Spring,95,paper_discipline_bull,8.974,8.932,-0.0057,空头信号卖出,1,2026-10-08 07:31:22
sh605318,Spring,100,paper_discipline_bull,15.537,14.391,-0.0747,条件单:stop_loss,19,2026-10-08 07:31:22
sh605499,Spring,100,paper_discipline_bull,89.403,98.519,0.1008,到期,20,2026-10-08 07:31:22
sh605218,Spring,100,paper_discipline_bull,18.765,22.886,0.2184,条件单:take_profit,7,2026-10-08 07:31:22
sh605507,ST,100,paper_discipline_bull,10.417,9.846,-0.0558,条件单:stop_loss,9,2026-10-08 07:31:22
sh605266,ST,92,paper_discipline_bull,34.172,32.091,-0.0619,条件单:stop_loss,15,2026-10-08 07:31:22
sh605376,Spring,95,paper_discipline_bull,18.655,22.483,0.204,条件单:take_profit,4,2026-10-08 07:31:22
sh605555,ST,100,paper_discipline_bull,13.248,15.846,0.1949,条件单:take_profit,9,2026-10-08 07:31:22
sh605369,Spring,100,paper_discipline_bull,25.719,25.922,0.0069,空头信号卖出,2,2026-10-08 07:31:22
sh605369,Spring,100,paper_discipline_bull,25.817,25.976,0.0051,空头信号卖出,1,2026-10-08 07:31:22
sh605567,Spring,100,paper_discipline_bull,8.351,9.898,0.184,条件单:take_profit,19,2026-10-08 07:31:22
sh605368,Spring,100,paper_discipline_bull,11.256,12.14,0.0774,空头信号卖出,8,2026-10-08 07:31:22
sh605228,Spring,92,paper_discipline_bull,9.219,9.26,0.0034,空头信号卖出,1,2026-10-08 07:31:22
sh605338,ST,90,paper_discipline_bull,12.358,11.716,-0.0529,条件单:stop_loss,6,2026-10-08 07:31:22
sh605388,ST,94,paper_discipline_bull,5.066,5.185,0.0224,到期,20,2026-10-08 07:31:22
sh605258,Spring,93,paper_discipline_bull,25.833,24.011,-0.0715,条件单:stop_loss,13,2026-10-08 07:31:22
sh605598,ST,100,paper_discipline_bull,17.752,20.464,0.1516,条件单:take_profit,3,2026-10-08 07:31:22
sh605598,ST,100,paper_discipline_bull,22.552,20.762,-0.0803,条件单:stop_loss,0,2026-10-08 07:31:22
sh605599,ST,100,paper_discipline_bull,9.494,10.907,0.1477,空头信号卖出,5,2026-10-08 07:31:22
sh605488,Spring,100,paper_discipline_bull,10.025,9.135,-0.0897,条件单:stop_loss,0,2026-10-08 07:31:22
sh605336,Spring,100,paper_discipline_bull,11.721,10.93,-0.0684,条件单:stop_loss,0,2026-10-08 07:31:22
sh605488,Spring,100,paper_discipline_bull,9.168,9.687,0.0555,到期,20,2026-10-08 07:31:22
sh605336,Spring,100,paper_discipline_bull,10.952,11.107,0.0131,到期,20,2026-10-08 07:31:22
sh605228,Spring,96,paper_discipline_bull,8.923,10.462,0.1713,条件单:take_profit,13,2026-10-08 07:31:22
sh605368,Shakeout,100,paper_discipline_bull,10.715,10.279,-0.0417,到期,20,2026-10-08 07:31:22
sh605268,Spring,95,paper_discipline_bull,8.056,8.182,0.0146,空头信号卖出,7,2026-10-08 07:31:22
sh605566,Spring,99,paper_discipline_bull,17.299,18.79,0.0851,到期,20,2026-10-08 07:31:22
sh605389,Spring,98,paper_discipline_bull,19.078,21.987,0.1513,条件单:take_profit,12,2026-10-08 07:31:22
sh605599,Spring,92,paper_discipline_bull,10.115,10.35,0.0222,到期,20,2026-10-08 07:31:22
sh605368,Spring,100,paper_discipline_bull,9.498,10.013,0.0531,到期,20,2026-10-08 07:31:22
sh605567,Spring,100,paper_discipline_bull,9.595,9.771,0.0173,空头信号卖出,3,2026-10-08 07:31:23
sh605189,Shakeout,100,paper_discipline_bull,9.284,9.492,0.0214,空头信号卖出,1,2026-10-08 07:31:23
sh605189,Shakeout,100,paper_discipline_bull,9.618,9.727,0.0103,空头信号卖出,1,2026-10-08 07:31:23
sh605369,ST,100,paper_discipline_bull,17.179,20.259,0.1781,条件单:take_profit,6,2026-10-08 07:31:23
sh605369,ST,100,paper_discipline_bull,20.187,20.704,0.0246,空头信号卖出,3,2026-10-08 07:31:23
sh605580,Spring,100,paper_discipline_bull,9.982,10.958,0.0967,到期,20,2026-10-08 07:31:23
sh605377,ST,100,paper_discipline_bull,8.129,8.275,0.0169,空头信号卖出,5,2026-10-08 07:31:23
sh605377,ST,100,paper_discipline_bull,8.301,8.247,-0.0075,空头信号卖出,1,2026-10-08 07:31:23
sh605377,ST,100,paper_discipline_bull,8.273,8.182,-0.012,空头信号卖出,1,2026-10-08 07:31:23
sh605377,ST,100,paper_discipline_bull,8.19,8.192,-0.0008,空头信号卖出,1,2026-10-08 07:31:23
sh605377,ST,100,paper_discipline_bull,8.208,8.155,-0.0075,空头信号卖出,1,2026-10-08 07:31:23
sh605319,Spring,91,paper_discipline_bull,21.121,24.451,0.1565,条件单:take_profit,15,2026-10-08 07:31:23
sh605488,Spring,92,paper_discipline_bull,33.326,30.654,-0.0811,条件单:stop_loss,4,2026-10-08 07:31:23
sh605318,Spring,100,paper_discipline_bull,26.907,26.563,-0.0138,到期,20,2026-10-08 07:31:23
sh605198,Shakeout,100,paper_discipline_bull,39.911,47.011,0.1767,条件单:take_profit,19,2026-10-08 07:31:23
sh605318,ST,100,paper_discipline_bull,25.836,29.371,0.1357,到期,20,2026-10-08 07:31:23
sh605388,Spring,91,paper_discipline_bull,7.568,8.012,0.0576,到期,20,2026-10-08 07:31:23
sh605500,Spring,95,paper_discipline_bull,9.693,10.257,0.0571,空头信号卖出,10,2026-10-08 07:31:23
sh605589,Spring,99,paper_discipline_bull,32.186,31.845,-0.0116,空头信号卖出,1,2026-10-08 07:31:23
sh605599,Spring,99,paper_discipline_bull,13.958,13.219,-0.0539,条件单:stop_loss,12,2026-10-08 07:31:23
sh605358,Spring,100,paper_discipline_bull,26.581,32.914,0.237,条件单:take_profit,7,2026-10-08 07:31:23
sh605399,Spring,100,paper_discipline_bull,12.603,13.167,0.0437,到期,20,2026-10-08 07:31:23
sh605336,Spring,100,paper_discipline_bull,15.035,15.355,0.0202,到期,20,2026-10-08 07:31:23
sh605589,Spring,92,paper_discipline_bull,28.304,26.379,-0.069,条件单:stop_loss,2,2026-10-08 07:31:23
sh605258,Spring,95,paper_discipline_bull,33.543,36.807,0.0962,空头信号卖出,3,2026-10-08 07:31:23
sh605358,Spring,94,paper_discipline_bull,29.775,36.36,0.2199,条件单:take_profit,2,2026-10-08 07:31:23
sh605388,Spring,91,paper_discipline_bull,8.408,7.972,-0.0528,条件单:stop_loss,2,2026-10-08 07:31:23
sh605287,Spring,99,paper_discipline_bull,25.636,30.694,0.1961,条件单:take_profit,14,2026-10-08 07:31:23
sh605377,Spring,100,paper_discipline_bull,8.068,8.328,0.0312,到期,20,2026-10-08 07:31:23
sh605499,Spring,97,paper_discipline_bull,181.745,202.339,0.1122,空头信号卖出,9,2026-10-08 07:31:23
sh605188,Spring,91,paper_discipline_bull,20.188,19.33,-0.0435,到期,20,2026-10-08 07:31:23
sh605499,Spring,97,paper_discipline_bull,199.111,198.78,-0.0027,空头信号卖出,1,2026-10-08 07:31:23
sh605299,Spring,100,paper_discipline_bull,11.922,12.62,0.0575,空头信号卖出,8,2026-10-08 07:31:23
sh605338,Shakeout,100,paper_discipline_bull,27.855,26.141,-0.0625,条件单:stop_loss,6,2026-10-08 07:31:23
sh605208,Spring,100,paper_discipline_bull,13.088,12.356,-0.0569,条件单:stop_loss,0,2026-10-08 07:31:23
sh605580,ST,100,paper_discipline_bull,23.859,22.635,-0.0523,条件单:stop_loss,2,2026-10-08 07:31:23
sh605259,Spring,95,paper_discipline_bull,20.981,23.23,0.1061,空头信号卖出,3,2026-10-08 07:31:23
sh605266,Spring,100,paper_discipline_bull,18.645,16.77,-0.1015,条件单:stop_loss,10,2026-10-08 07:31:23
sh605577,Spring,95,paper_discipline_bull,13.218,12.269,-0.0727,条件单:stop_loss,8,2026-10-08 07:31:23
sh605199,Spring,98,paper_discipline_bull,6.717,6.853,0.0192,空头信号卖出,1,2026-10-08 07:31:23
sh605303,Spring,98,paper_discipline_bull,18.508,21.978,0.1863,条件单:take_profit,3,2026-10-08 07:31:23
sh605378,Spring,96,paper_discipline_bull,19.614,19.149,-0.0247,到期,20,2026-10-08 07:31:23
sh605288,Spring,100,paper_discipline_bull,59.15,55.915,-0.0557,条件单:stop_loss,1,2026-10-08 07:31:23
sh605303,Spring,98,paper_discipline_bull,22.773,25.924,0.1372,到期,20,2026-10-08 07:31:23
sh605288,ST,100,paper_discipline_bull,56.999,67.353,0.1804,条件单:take_profit,1,2026-10-08 07:31:23
sh605333,Spring,96,paper_discipline_bull,22.903,21.019,-0.0832,条件单:stop_loss,8,2026-10-08 07:31:23
sh605199,Spring,91,paper_discipline_bull,6.777,6.394,-0.0575,条件单:stop_loss,13,2026-10-08 07:31:23
sh605399,Spring,94,paper_discipline_bull,13.864,13.127,-0.0541,条件单:stop_loss,2,2026-10-08 07:31:23
sh605277,Spring,94,paper_discipline_bull,18.819,17.712,-0.0598,条件单:stop_loss,1,2026-10-08 07:31:23
sh605399,Spring,94,paper_discipline_bull,13.223,14.555,0.0996,空头信号卖出,6,2026-10-08 07:31:23
sh605555,ST,100,paper_discipline_bull,13.163,12.278,-0.0682,条件单:stop_loss,4,2026-10-08 07:31:23
sh605183,Spring,92,paper_discipline_bull,15.369,14.571,-0.0529,条件单:stop_loss,15,2026-10-08 07:31:23
sh605289,Spring,100,paper_discipline_bull,105.105,99.251,-0.0567,条件单:stop_loss,1,2026-10-08 07:31:23
sh605208,Spring,90,paper_discipline_bull,13.113,15.105,0.1507,条件单:take_profit,8,2026-10-08 07:31:23
sh605289,Spring,100,paper_discipline_bull,110.11,104.296,-0.0538,条件单:stop_loss,9,2026-10-08 07:31:23
sh605288,ST,99,paper_discipline_bull,54.975,66.633,0.2108,条件单:take_profit,5,2026-10-08 07:31:23
sh605288,ST,99,paper_discipline_bull,65.195,65.544,0.0043,空头信号卖出,5,2026-10-08 07:31:23
sh605305,SC,93,paper_discipline_bull,32.142,30.699,-0.0459,到期,20,2026-10-08 07:31:23
